{
    "meta": {
        "label": "RGFRegressor",
        "description": "A Regularized Greedy Forest [1] regressor.",
        "icon": "icon-puzzle-piece"
    },
    "predictionTypes": [
        "REGRESSION"
    ],
    "gridSearchMode": "MANAGED",
    "supportsSampleWeights": true,
    "acceptsSparseMatrix": false,
    "params": [
        {
            "name": "max_leaf",
            "label": "Max Leaf",
            "description": "Training will be terminated when the number of leaf nodes in the forest reaches this value. (Original name: max_leaf_forest.)",
            "defaultValue": [
                500
            ],
            "gridParam": true,
            "type": "DOUBLES"
        },
        {
            "name": "test_interval",
            "label": "Test Interval",
            "description": "Test interval in terms of the number of leaf nodes.",
            "defaultValue": [
                100
            ],
            "gridParam": true,
            "type": "DOUBLES"
        },
        {
            "name": "algorithm",
            "label": "Algorithm",
            "description": "Regularization algorithm. RGF: RGF with L2 regularization on leaf-only models. RGF Opt: RGF with min-penalty regularization. RGF Sib: RGF with min-penalty regularization with the sum-to-zero sibling constraints.",
            "defaultValue": [
                "RGF"
            ],
            "gridParam": true,
            "type": "MULTISELECT",
            "selectChoices": [
                {
                    "value": "RGF_Opt",
                    "label": "RGF_Opt"
                },
                {
                    "value": "RGF",
                    "label": "RGF"
                },
                {
                    "value": "RGF_Sib",
                    "label": "RGF_Sib"
                }
            ]
        },
        {
            "name": "loss",
            "label": "Loss",
            "description": "Loss function. LS: Square loss. Expo: Exponential loss. Log: Logistic loss. Abs: Absolute error loss.",
            "defaultValue": [
                "LS"
            ],
            "gridParam": true,
            "type": "MULTISELECT",
            "selectChoices": [
                {
                    "value": "Expo",
                    "label": "Expo"
                },
                {
                    "value": "LS",
                    "label": "LS"
                },
                {
                    "value": "Log",
                    "label": "Log"
                }
            ]
        },
        {
            "name": "reg_depth",
            "label": "Reg Depth",
            "description": "Must be no smaller than 1.0. Meant for being used with algorithm=\"RGF Opt\"|\"RGF Sib\". A larger value penalizes deeper nodes more severely.",
            "defaultValue": [
                1.0
            ],
            "gridParam": true,
            "type": "DOUBLES"
        },
        {
            "name": "l2",
            "label": "L2",
            "description": "Used to control the degree of L2 regularization. (Original name: reg_L2.)",
            "defaultValue": [
                0.1
            ],
            "gridParam": true,
            "type": "DOUBLES"
        },
        {
            "name": "normalize",
            "label": "Normalize",
            "description": "If True, training targets are normalized so that the average becomes zero. (Original name: NormalizeTarget.)",
            "defaultValue": [
                "True"
            ],
            "gridParam": true,
            "type": "MULTISELECT",
            "selectChoices": [
                {
                    "value": false,
                    "label": false
                },
                {
                    "value": true,
                    "label": true
                }
            ]
        },
        {
            "name": "min_samples_leaf",
            "label": "Min Samples Leaf",
            "description": "Minimum number of training data points in each leaf node. If int, then consider min_samples_leaf as the minimum number. If float, then min_samples_leaf is a percentage and ceil(min_samples_leaf * n_samples) are the minimum number of samples for each node. (Original name: min_pop.)",
            "defaultValue": [
                10
            ],
            "gridParam": true,
            "type": "DOUBLES"
        },
        {
            "name": "n_tree_search",
            "label": "N Tree Search",
            "description": "Number of trees to be searched for the nodes to split. The most recently grown trees are searched first. (Original name: num_tree_search.)",
            "defaultValue": [
                1
            ],
            "gridParam": true,
            "type": "DOUBLES"
        },
        {
            "name": "opt_interval",
            "label": "Opt Interval",
            "description": "Weight optimization interval in terms of the number of leaf nodes. For example, by default, weight optimization is performed every time approximately 100 leaf nodes are newly added to the forest.",
            "defaultValue": [
                100
            ],
            "gridParam": true,
            "type": "DOUBLES"
        },
        {
            "name": "learning_rate",
            "label": "Learning Rate",
            "description": "Step size of Newton updates used in coordinate descent to optimize weights. (Original name: opt_stepsize.)",
            "defaultValue": [
                0.5
            ],
            "gridParam": true,
            "type": "DOUBLES"
        },
        {
            "name": "memory_policy",
            "label": "Memory Policy",
            "description": "Memory using policy. Generous: it runs faster using more memory by keeping the sorted orders of the features on memory for reuse. Conservative: it uses less memory at the expense of longer runtime. Try only when with default value it uses too much memory.",
            "defaultValue": [
                "generous"
            ],
            "gridParam": true,
            "type": "MULTISELECT",
            "selectChoices": [
                {
                    "value": "generous",
                    "label": "generous"
                },
                {
                    "value": "conservative",
                    "label": "conservative"
                }
            ]
        }
    ]
}