{
    "meta": {
        "label": "MondrianForestRegressor",
        "description": "A MondrianForestRegressor is an ensemble of MondrianTreeRegressors.",
        "icon": "icon-puzzle-piece"
    },
    "predictionTypes": [
        "REGRESSION"
    ],
    "gridSearchMode": "MANAGED",
    "supportsSampleWeights": true,
    "acceptsSparseMatrix": false,
    "params": [
        {
            "name": "n_estimators",
            "label": "N Estimators",
            "description": "The number of trees in the forest.",
            "defaultValue": [
                10
            ],
            "type": "DOUBLES",
            "gridParam": true
        },
        {
            "name": "max_depth",
            "label": "Max Depth",
            "description": "The depth to which each tree is grown. If None, the tree is either grown to full depth or is constrained by `min_samples_split`.",
            "type": "DOUBLES",
            "gridParam": true
        },
        {
            "name": "min_samples_split",
            "label": "Min Samples Split",
            "description": "Stop growing the tree if all the nodes have lesser than `min_samples_split` number of samples.",
            "defaultValue": [
                2
            ],
            "type": "DOUBLES",
            "gridParam": true
        },
        {
            "name": "bootstrap",
            "label": "Bootstrap",
            "description": "If bootstrap is set to False, then all trees are trained on the entire training dataset. Else, each tree is fit on n_samples drawn with replacement from the training dataset.",
            "type": "MULTISELECT",
            "gridParam": true,
            "selectChoices": [
                {
                    "value": "False",
                    "label": "False"
                },
                {
                    "value": "True",
                    "label": "True"
                }
            ]
        }
    ]
}