{
    "startedAt": 1620372604305,
    "gridSize": 2,
    "nThreads": 4,
    "nSplits": 5,
    "metric": "R2",
    "timeout": null,
    "gridPoints": [
        {
            "finishedAt": 1620372629234,
            "score": 0.7888363311295191,
            "testScoreGibMean": 0.7888363311295191,
            "testScoreMean": 0.7888363311295191,
            "testScoreStd": 0.008284970932600473,
            "trainScoreMean": 0.8048474626324318,
            "trainScoreStd": 0.0011341582435360161,
            "time": 59819,
            "fitTimeMean": 11558.2,
            "fitTimeStd": 660.0782983858809,
            "scoreTimeMean": 405.6,
            "scoreTimeStd": 88.76620978728336,
            "best_iteration": null,
            "parameters": {
                "max_depth": 6,
                "max_features": "auto",
                "min_samples_leaf": 10,
                "n_estimators": 100,
                "min_samples_split": 30
            }
        },
        {
            "finishedAt": 1620372651857,
            "score": 0.8611009210953253,
            "testScoreGibMean": 0.8611009210953253,
            "testScoreMean": 0.8611009210953253,
            "testScoreStd": 0.006155459774183132,
            "trainScoreMean": 0.9004374715550302,
            "trainScoreStd": 0.0005852012752013461,
            "time": 98242,
            "fitTimeMean": 19224.6,
            "fitTimeStd": 3256.5740034582354,
            "scoreTimeMean": 423.8,
            "scoreTimeStd": 35.38022046285184,
            "best_iteration": null,
            "parameters": {
                "max_depth": 13,
                "max_features": "auto",
                "min_samples_leaf": 10,
                "n_estimators": 100,
                "min_samples_split": 30
            }
        }
    ]
}