[
    {
        "test_score_gib": 0.7775753064395936,
        "train_score": 0.8047497864105313,
        "test_score": 0.7775753064395936,
        "num_samples": 3303,
        "fit_time": 11233,
        "score_time": 344,
        "time": 11577,
        "parameters": {
            "max_depth": 6,
            "max_features": "auto",
            "min_samples_leaf": 10,
            "n_estimators": 100,
            "min_samples_split": 30
        },
        "best_iteration": null,
        "done_at": 1620372615884,
        "split_id": 0
    },
    {
        "test_score_gib": 0.8020866590171862,
        "train_score": 0.8032276817836214,
        "test_score": 0.8020866590171862,
        "num_samples": 3303,
        "fit_time": 11215,
        "score_time": 306,
        "time": 11521,
        "parameters": {
            "max_depth": 6,
            "max_features": "auto",
            "min_samples_leaf": 10,
            "n_estimators": 100,
            "min_samples_split": 30
        },
        "best_iteration": null,
        "done_at": 1620372615832,
        "split_id": 1
    },
    {
        "test_score_gib": 0.7836282020714902,
        "train_score": 0.8040564700044182,
        "test_score": 0.7836282020714902,
        "num_samples": 3303,
        "fit_time": 11279,
        "score_time": 507,
        "time": 11786,
        "parameters": {
            "max_depth": 6,
            "max_features": "auto",
            "min_samples_leaf": 10,
            "n_estimators": 100,
            "min_samples_split": 30
        },
        "best_iteration": null,
        "done_at": 1620372616154,
        "split_id": 2
    },
    {
        "test_score_gib": 0.7925068092232482,
        "train_score": 0.8062151139156898,
        "test_score": 0.7925068092232482,
        "num_samples": 3303,
        "fit_time": 11187,
        "score_time": 353,
        "time": 11540,
        "parameters": {
            "max_depth": 6,
            "max_features": "auto",
            "min_samples_leaf": 10,
            "n_estimators": 100,
            "min_samples_split": 30
        },
        "best_iteration": null,
        "done_at": 1620372615923,
        "split_id": 3
    },
    {
        "test_score_gib": 0.7883845421146621,
        "train_score": 0.8059886065350017,
        "test_score": 0.7883845421146621,
        "num_samples": 3302,
        "fit_time": 12877,
        "score_time": 518,
        "time": 13395,
        "parameters": {
            "max_depth": 6,
            "max_features": "auto",
            "min_samples_leaf": 10,
            "n_estimators": 100,
            "min_samples_split": 30
        },
        "best_iteration": null,
        "done_at": 1620372629234,
        "split_id": 4
    },
    {
        "test_score_gib": 0.85118497292854,
        "train_score": 0.9008260191934415,
        "test_score": 0.85118497292854,
        "num_samples": 3303,
        "fit_time": 21749,
        "score_time": 479,
        "time": 22228,
        "parameters": {
            "max_depth": 13,
            "max_features": "auto",
            "min_samples_leaf": 10,
            "n_estimators": 100,
            "min_samples_split": 30
        },
        "best_iteration": null,
        "done_at": 1620372638114,
        "split_id": 0
    },
    {
        "test_score_gib": 0.8705723100751264,
        "train_score": 0.9001126245208471,
        "test_score": 0.8705723100751264,
        "num_samples": 3303,
        "fit_time": 21601,
        "score_time": 386,
        "time": 21987,
        "parameters": {
            "max_depth": 13,
            "max_features": "auto",
            "min_samples_leaf": 10,
            "n_estimators": 100,
            "min_samples_split": 30
        },
        "best_iteration": null,
        "done_at": 1620372637922,
        "split_id": 1
    },
    {
        "test_score_gib": 0.8604057600799349,
        "train_score": 0.8995002769652475,
        "test_score": 0.8604057600799349,
        "num_samples": 3303,
        "fit_time": 21665,
        "score_time": 447,
        "time": 22112,
        "parameters": {
            "max_depth": 13,
            "max_features": "auto",
            "min_samples_leaf": 10,
            "n_estimators": 100,
            "min_samples_split": 30
        },
        "best_iteration": null,
        "done_at": 1620372638268,
        "split_id": 2
    },
    {
        "test_score_gib": 0.8620388670381662,
        "train_score": 0.9011871641546678,
        "test_score": 0.8620388670381662,
        "num_samples": 3303,
        "fit_time": 17567,
        "score_time": 418,
        "time": 17985,
        "parameters": {
            "max_depth": 13,
            "max_features": "auto",
            "min_samples_leaf": 10,
            "n_estimators": 100,
            "min_samples_split": 30
        },
        "best_iteration": null,
        "done_at": 1620372647237,
        "split_id": 3
    },
    {
        "test_score_gib": 0.8613027564615396,
        "train_score": 0.9005613104337955,
        "test_score": 0.8613027564615396,
        "num_samples": 3302,
        "fit_time": 13541,
        "score_time": 389,
        "time": 13930,
        "parameters": {
            "max_depth": 13,
            "max_features": "auto",
            "min_samples_leaf": 10,
            "n_estimators": 100,
            "min_samples_split": 30
        },
        "best_iteration": null,
        "done_at": 1620372651857,
        "split_id": 4
    }
]