{
    "meta": {
        "label": "NodeClassifier",
        "description": "Neural Oblivious Decision Ensembles",
        "icon": "icon-puzzle-piece"
    },
    "predictionTypes": [
        "BINARY_CLASSIFICATION",
        "MULTICLASS"
    ],
    "gridSearchMode": "MANAGED",
    "supportsSampleWeights": true,
    "acceptsSparseMatrix": false,
    "params": [
        {
            "name": "layer_size",
            "label": "Layer Size",
            "description": "Size of the intermediate representation",
            "defaultValue": [
                64
            ],
            "type": "DOUBLES",
            "gridParam": true
        },
        {
            "name": "num_layers",
            "label": "Num Layers",
            "description": "Number of layers in the ODST module",
            "defaultValue": [
                4
            ],
            "type": "DOUBLES",
            "gridParam": true
        },
        {
            "name": "depth",
            "label": "Depth",
            "description": "Depth of trees in the ODST module",
            "defaultValue": [
                6
            ],
            "type": "DOUBLES",
            "gridParam": true
        },
        {
            "name": "max_iter",
            "label": "Max iterations",
            "description": "Number of maximum iterations",
            "defaultValue": [
                30
            ],
            "type": "DOUBLES",
            "gridParam": true
        },
        {
            "name": "val_size",
            "label": "Validation size",
            "description": "An integer corresponding to the number of valiation samples or a ratio in float.",
            "defaultValue": [
                .1
            ],
            "type": "DOUBLES",
            "gridParam": true
        }
    ]
}