{
    "meta": {
        "label": "LinearSVC",
        "description": "Estimator for learning linear support vector machine by coordinate",
        "icon": "icon-puzzle-piece"
    },
    "predictionTypes": [
        "BINARY_CLASSIFICATION",
        "MULTICLASS"
    ],
    "gridSearchMode": "MANAGED",
    "supportsSampleWeights": true,
    "acceptsSparseMatrix": false,
    "params": [
        {
            "name": "C",
            "label": "C",
            "description": "Weight of the loss term.",
            "defaultValue": [
                1.0
            ],
            "gridParam": true,
            "type": "DOUBLES"
        },
        {
            "name": "loss",
            "label": "Loss",
            "description": "The loss function to be used.",
            "defaultValue": [
                "hinge"
            ],
            "type": "MULTISELECT",
            "gridParam": true,
            "selectChoices": [
                {
                    "value": "squared_hinge",
                    "label": "squared_hinge"
                },
                {
                    "value": "hinge",
                    "label": "hinge"
                }
            ]
        },
        {
            "name": "criterion",
            "label": "Criterion",
            "description": "Whether to optimize for classification accuracy or AUC.",
            "defaultValue": [
                "accuracy"
            ],
            "type": "MULTISELECT",
            "gridParam": true,
            "selectChoices": [
                {
                    "value": "accuracy",
                    "label": "accuracy"
                },
                {
                    "value": "auc",
                    "label": "auc"
                }
            ]
        },
        {
            "name": "max_iter",
            "label": "Max Iter",
            "description": "Maximum number of iterations to perform.",
            "defaultValue": [
                1000
            ],
            "gridParam": true,
            "type": "DOUBLES"
        },
        {
            "name": "tol",
            "label": "Tol",
            "description": "Tolerance of the stopping criterion.",
            "defaultValue": [
                0.001
            ],
            "gridParam": true,
            "type": "DOUBLES"
        },
        {
            "name": "permute",
            "label": "Permute",
            "description": "Whether to permute coordinates or not before cycling.",
            "defaultValue": [
                "True"
            ],
            "type": "MULTISELECT",
            "gridParam": true,
            "selectChoices": [
                {
                    "value": "True",
                    "label": "True"
                },
                {
                    "value": "False",
                    "label": "False"
                }
            ]
        },
        {
            "name": "shrinking",
            "label": "Shrinking",
            "description": "Whether to activate shrinking or not.",
            "defaultValue": [
                "True"
            ],
            "type": "MULTISELECT",
            "gridParam": true,
            "selectChoices": [
                {
                    "value": "True",
                    "label": "True"
                },
                {
                    "value": "False",
                    "label": "False"
                }
            ]
        },
        {
            "name": "random_state",
            "label": "Random State",
            "description": "The seed of the pseudo random number generator to use.",
            "defaultValue": null,
            "gridParam": false,
            "type": "INT"
        }
    ]
}