{
    "meta": {
        "label": "SVRGClassifier",
        "description": "Estimator for learning linear classifiers by SVRG.",
        "icon": "icon-puzzle-piece"
    },
    "predictionTypes": [
        "BINARY_CLASSIFICATION",
        "MULTICLASS"
    ],
    "gridSearchMode": "MANAGED",
    "supportsSampleWeights": true,
    "acceptsSparseMatrix": false,
    "params": [
        {
            "name": "eta",
            "label": "Eta",
            "description": "",
            "defaultValue": [
                1.0
            ],
            "gridParam": true,
            "type": "DOUBLES"
        },
        {
            "name": "alpha",
            "label": "Alpha",
            "description": "",
            "defaultValue": [
                1.0
            ],
            "gridParam": true,
            "type": "DOUBLES"
        },
        {
            "name": "loss",
            "label": "Loss",
            "description": "",
            "defaultValue": [
                "smooth_hinge"
            ],
            "type": "MULTISELECT",
            "gridParam": true,
            "selectChoices": [
                {
                    "value": "modified_huber",
                    "label": "modified_huber"
                },
                {
                    "value": "squared_hinge",
                    "label": "squared_hinge"
                },
                {
                    "value": "squared",
                    "label": "squared"
                },
                {
                    "value": "smooth_hinge",
                    "label": "smooth_hinge"
                },
                {
                    "value": "log",
                    "label": "log"
                }
            ]
        },
        {
            "name": "gamma",
            "label": "Gamma",
            "description": "",
            "defaultValue": [
                1.0
            ],
            "gridParam": true,
            "type": "DOUBLES"
        },
        {
            "name": "max_iter",
            "label": "Max Iter",
            "description": "",
            "defaultValue": [
                10
            ],
            "gridParam": true,
            "type": "DOUBLES"
        },
        {
            "name": "n_inner",
            "label": "N Inner",
            "description": "",
            "defaultValue": [
                1.0
            ],
            "gridParam": true,
            "type": "DOUBLES"
        },
        {
            "name": "tol",
            "label": "Tol",
            "description": "",
            "defaultValue": [
                0.001
            ],
            "gridParam": true,
            "type": "DOUBLES"
        },
        {
            "name": "random_state",
            "label": "Random State",
            "description": "",
            "defaultValue": null,
            "gridParam": false,
            "type": "INT"
        }
    ]
}