{
  "params": {
    "ttPolicy": "SPLIT_SINGLE_DATASET",
    "ssdSplitMode": "RANDOM",
    "splitBeforePrepare": true,
    "ssdSelection": {
      "useMemTable": false,
      "filter": {
        "distinct": false,
        "enabled": false
      },
      "partitionSelectionMethod": "ALL",
      "latestPartitionsN": 1,
      "ordering": {
        "enabled": false,
        "rules": []
      },
      "samplingMethod": "HEAD_SEQUENTIAL",
      "maxRecords": 100000,
      "targetRatio": 0.02,
      "withinFirstN": -1,
      "maxReadUncompressedBytes": -1
    },
    "ssdTrainingRatio": 0.8,
    "ssdSeed": 1337,
    "testOnLargerValues": true,
    "kfold": false,
    "nFolds": 5,
    "instanceIdRefresher": 0,
    "subSamplingSeed": 1337
  },
  "generationDate": 1620374403672,
  "policyId": "type\u003dSPLIT_SINGLE_DATASET,split\u003dRANDOM,splitBeforePrepare\u003dtrue,ds\u003dcovertype,sel\u003d(method\u003dhead-s,records\u003d100000),r\u003d0.8,s\u003d1337",
  "instanceId": "9a161de4da11bfd700a5db5952832117-0",
  "format": "csv1",
  "schema": {
    "columns": [
      {"name":"0","type":"double"},
      {"name":"1","type":"double"},
      {"name":"2","type":"double"},
      {"name":"3","type":"double"},
      {"name":"4","type":"double"},
      {"name":"5","type":"double"},
      {"name":"6","type":"double"},
      {"name":"7","type":"double"},
      {"name":"8","type":"double"},
      {"name":"9","type":"double"},
      {"name":"10","type":"double"},
      {"name":"11","type":"double"},
      {"name":"12","type":"double"},
      {"name":"13","type":"double"},
      {"name":"14","type":"double"},
      {"name":"15","type":"double"},
      {"name":"16","type":"double"},
      {"name":"17","type":"double"},
      {"name":"18","type":"double"},
      {"name":"19","type":"double"},
      {"name":"20","type":"double"},
      {"name":"21","type":"double"},
      {"name":"22","type":"double"},
      {"name":"23","type":"double"},
      {"name":"24","type":"double"},
      {"name":"25","type":"double"},
      {"name":"26","type":"double"},
      {"name":"27","type":"double"},
      {"name":"28","type":"double"},
      {"name":"29","type":"double"},
      {"name":"30","type":"double"},
      {"name":"31","type":"double"},
      {"name":"32","type":"double"},
      {"name":"33","type":"double"},
      {"name":"34","type":"double"},
      {"name":"35","type":"double"},
      {"name":"36","type":"double"},
      {"name":"37","type":"double"},
      {"name":"38","type":"double"},
      {"name":"39","type":"double"},
      {"name":"40","type":"double"},
      {"name":"41","type":"double"},
      {"name":"42","type":"double"},
      {"name":"43","type":"double"},
      {"name":"44","type":"double"},
      {"name":"45","type":"double"},
      {"name":"46","type":"double"},
      {"name":"47","type":"double"},
      {"name":"48","type":"double"},
      {"name":"49","type":"double"},
      {"name":"50","type":"double"},
      {"name":"51","type":"double"},
      {"name":"52","type":"double"},
      {"name":"53","type":"double"},
      {"name":"target","type":"bigint"}
    ],
    "userModified": false
  },
  "trainPath": "train-9a161de4da11bfd700a5db5952832117-0.csv.gz",
  "testPath": "test-9a161de4da11bfd700a5db5952832117-0.csv.gz",
  "trainRows": 79912,
  "testRows": 20088,
  "fullRows": 0
}