{
    "per_feature": {
        "0": {
            "stats": {
                "min": 2486.0,
                "average": 2915.9364425868457,
                "median": 2919.0,
                "max": 3377.0,
                "p99": 3291.0,
                "std": 194.30445175578896
            },
            "missing_impute_with_value": 2915.9364425868457
        },
        "1": {
            "stats": {
                "min": 0.0,
                "average": 130.8670662729002,
                "median": 90.0,
                "max": 359.0,
                "p99": 356.0,
                "std": 103.13895791709824
            },
            "missing_impute_with_value": 130.8670662729002
        },
        "2": {
            "stats": {
                "min": 0.0,
                "average": 13.355140654720191,
                "median": 11.0,
                "max": 49.0,
                "p99": 36.0,
                "std": 8.341469998637633
            },
            "missing_impute_with_value": 13.355140654720191
        },
        "3": {
            "stats": {
                "min": 0.0,
                "average": 221.7369606567224,
                "median": 190.0,
                "max": 997.0,
                "p99": 764.0,
                "std": 171.57832302902082
            },
            "missing_impute_with_value": 221.7369606567224
        },
        "4": {
            "stats": {
                "min": -134.0,
                "average": 35.93470317349084,
                "median": 22.0,
                "max": 554.0,
                "p99": 186.0,
                "std": 46.767823967723984
            },
            "missing_impute_with_value": 35.93470317349084
        },
        "5": {
            "stats": {
                "min": 67.0,
                "average": 2902.435241265392,
                "median": 2942.0,
                "max": 6890.0,
                "p99": 6199.0,
                "std": 1925.8010070748849
            },
            "missing_impute_with_value": 2902.435241265392
        },
        "6": {
            "stats": {
                "min": 115.0,
                "average": 220.69861848032835,
                "median": 224.0,
                "max": 254.0,
                "p99": 251.0,
                "std": 19.76602813533684
            },
            "missing_impute_with_value": 220.69861848032835
        },
        "7": {
            "stats": {
                "min": 99.0,
                "average": 218.63655020522575,
                "median": 224.0,
                "max": 254.0,
                "p99": 252.0,
                "std": 23.61123901563075
            },
            "missing_impute_with_value": 218.63655020522575
        },
        "8": {
            "stats": {
                "min": 0.0,
                "average": 127.98162979277205,
                "median": 135.0,
                "max": 240.0,
                "p99": 209.0,
                "std": 42.56022926979704
            },
            "missing_impute_with_value": 127.98162979277205
        },
        "9": {
            "stats": {
                "min": 60.0,
                "average": 2599.367566823506,
                "median": 2221.0,
                "max": 6853.0,
                "p99": 6409.0,
                "std": 1516.2549603413643
            },
            "missing_impute_with_value": 2599.367566823506
        },
        "10": {
            "stats": {
                "min": 0.0,
                "average": 0.9858969866853539,
                "median": 1.0,
                "max": 1.0,
                "p99": 1.0,
                "std": 0.11791646333375862
            },
            "missing_impute_with_value": 0.9858969866853539
        },
        "11": {
            "stats": {}
        },
        "12": {
            "stats": {
                "min": 0.0,
                "average": 0.01410301331464611,
                "median": 0.0,
                "max": 1.0,
                "p99": 1.0,
                "std": 0.11791646333375862
            },
            "missing_impute_with_value": 0.01410301331464611
        },
        "13": {
            "stats": {}
        },
        "14": {
            "stats": {}
        },
        "15": {
            "stats": {}
        },
        "16": {
            "stats": {}
        },
        "17": {
            "stats": {}
        },
        "18": {
            "stats": {}
        },
        "19": {
            "stats": {}
        },
        "20": {
            "stats": {}
        },
        "21": {
            "stats": {
                "min": 0.0,
                "average": 0.0005506056662328561,
                "median": 0.0,
                "max": 1.0,
                "p99": 0.0,
                "std": 0.02345867400505794
            },
            "missing_impute_with_value": 0.0005506056662328561
        },
        "22": {
            "stats": {
                "min": 0.0,
                "average": 0.0032786064671138254,
                "median": 0.0,
                "max": 1.0,
                "p99": 0.0,
                "std": 0.05716553245144279
            },
            "missing_impute_with_value": 0.0032786064671138254
        },
        "23": {
            "stats": {
                "min": 0.0,
                "average": 0.0011387526278906798,
                "median": 0.0,
                "max": 1.0,
                "p99": 0.0,
                "std": 0.03372640070296405
            },
            "missing_impute_with_value": 0.0011387526278906798
        },
        "24": {
            "stats": {
                "min": 0.0,
                "average": 0.0010636700370407449,
                "median": 0.0,
                "max": 1.0,
                "p99": 0.0,
                "std": 0.03259680873365474
            },
            "missing_impute_with_value": 0.0010636700370407449
        },
        "25": {
            "stats": {
                "min": 0.0,
                "average": 0.096931624787266,
                "median": 0.0,
                "max": 1.0,
                "p99": 1.0,
                "std": 0.29586649070244436
            },
            "missing_impute_with_value": 0.096931624787266
        },
        "26": {
            "stats": {}
        },
        "27": {
            "stats": {}
        },
        "28": {
            "stats": {}
        },
        "29": {
            "stats": {
                "min": 0.0,
                "average": 0.013990389428371209,
                "median": 0.0,
                "max": 1.0,
                "p99": 1.0,
                "std": 0.11745139870299438
            },
            "missing_impute_with_value": 0.013990389428371209
        },
        "30": {
            "stats": {}
        },
        "31": {
            "stats": {
                "min": 0.0,
                "average": 0.025590649714686154,
                "median": 0.0,
                "max": 1.0,
                "p99": 1.0,
                "std": 0.1579116221375746
            },
            "missing_impute_with_value": 0.025590649714686154
        },
        "32": {
            "stats": {
                "min": 0.0,
                "average": 0.00862198418260086,
                "median": 0.0,
                "max": 1.0,
                "p99": 0.0,
                "std": 0.09245405635191765
            },
            "missing_impute_with_value": 0.00862198418260086
        },
        "33": {
            "stats": {
                "min": 0.0,
                "average": 0.034150065071578736,
                "median": 0.0,
                "max": 1.0,
                "p99": 1.0,
                "std": 0.1816156680585533
            },
            "missing_impute_with_value": 0.034150065071578736
        },
        "34": {
            "stats": {}
        },
        "35": {
            "stats": {
                "min": 0.0,
                "average": 0.04496195815396937,
                "median": 0.0,
                "max": 1.0,
                "p99": 1.0,
                "std": 0.20722190479167668
            },
            "missing_impute_with_value": 0.04496195815396937
        },
        "36": {
            "stats": {
                "min": 0.0,
                "average": 0.09056211833016319,
                "median": 0.0,
                "max": 1.0,
                "p99": 1.0,
                "std": 0.2869871978121722
            },
            "missing_impute_with_value": 0.09056211833016319
        },
        "37": {
            "stats": {
                "min": 0.0,
                "average": 0.015429472419661628,
                "median": 0.0,
                "max": 1.0,
                "p99": 1.0,
                "std": 0.12325418412593861
            },
            "missing_impute_with_value": 0.015429472419661628
        },
        "38": {
            "stats": {}
        },
        "39": {
            "stats": {}
        },
        "40": {
            "stats": {}
        },
        "41": {
            "stats": {}
        },
        "42": {
            "stats": {
                "min": 0.0,
                "average": 0.44963209530483533,
                "median": 0.0,
                "max": 1.0,
                "p99": 1.0,
                "std": 0.4974597178768971
            },
            "missing_impute_with_value": 0.44963209530483533
        },
        "43": {
            "stats": {
                "min": 0.0,
                "average": 0.18072379617579337,
                "median": 0.0,
                "max": 1.0,
                "p99": 1.0,
                "std": 0.3847915780220699
            },
            "missing_impute_with_value": 0.18072379617579337
        },
        "44": {
            "stats": {
                "min": 0.0,
                "average": 0.0010886975673240565,
                "median": 0.0,
                "max": 1.0,
                "p99": 0.0,
                "std": 0.03297765780001412
            },
            "missing_impute_with_value": 0.0010886975673240565
        },
        "45": {
            "stats": {
                "min": 0.0,
                "average": 0.0015892481729902893,
                "median": 0.0,
                "max": 1.0,
                "p99": 0.0,
                "std": 0.03983393426910855
            },
            "missing_impute_with_value": 0.0015892481729902893
        },
        "46": {
            "stats": {
                "min": 0.0,
                "average": 0.005969065972569827,
                "median": 0.0,
                "max": 1.0,
                "p99": 0.0,
                "std": 0.07702928322749393
            },
            "missing_impute_with_value": 0.005969065972569827
        },
        "47": {
            "stats": {}
        },
        "48": {
            "stats": {}
        },
        "49": {
            "stats": {}
        },
        "50": {
            "stats": {}
        },
        "51": {
            "stats": {
                "min": 0.0,
                "average": 0.01605516067674442,
                "median": 0.0,
                "max": 1.0,
                "p99": 1.0,
                "std": 0.12568846478385218
            },
            "missing_impute_with_value": 0.01605516067674442
        },
        "52": {
            "stats": {
                "min": 0.0,
                "average": 0.00503053358694564,
                "median": 0.0,
                "max": 1.0,
                "p99": 0.0,
                "std": 0.07074807385222019
            },
            "missing_impute_with_value": 0.00503053358694564
        },
        "53": {
            "stats": {
                "min": 0.0,
                "average": 0.003641505656221844,
                "median": 0.0,
                "max": 1.0,
                "p99": 0.0,
                "std": 0.060235292780501076
            },
            "missing_impute_with_value": 0.003641505656221844
        },
        "target": {
            "stats": {}
        }
    },
    "feature_order": [
        "0",
        "1",
        "2",
        "3",
        "4",
        "5",
        "6",
        "7",
        "8",
        "9",
        "10",
        "11",
        "12",
        "13",
        "14",
        "15",
        "16",
        "17",
        "18",
        "19",
        "20",
        "21",
        "22",
        "23",
        "24",
        "25",
        "26",
        "27",
        "28",
        "29",
        "30",
        "31",
        "32",
        "33",
        "34",
        "35",
        "36",
        "37",
        "38",
        "39",
        "40",
        "41",
        "42",
        "43",
        "44",
        "45",
        "46",
        "47",
        "48",
        "49",
        "50",
        "51",
        "52",
        "53",
        "target"
    ]
}