[
    {
        "test_score_gib": 0.8206636986977093,
        "train_score": 0.8220832899413668,
        "test_score": 0.8206636986977093,
        "num_samples": 15983,
        "fit_time": 14276,
        "score_time": 3224,
        "time": 17500,
        "parameters": {
            "algorithm": "SAMME.R",
            "learning_rate": 1,
            "n_estimators": 50
        },
        "best_iteration": null,
        "done_at": 1620374638741,
        "split_id": 0
    },
    {
        "test_score_gib": 0.8218680999736716,
        "train_score": 0.8217820444511963,
        "test_score": 0.8218680999736716,
        "num_samples": 15983,
        "fit_time": 14199,
        "score_time": 3467,
        "time": 17666,
        "parameters": {
            "algorithm": "SAMME.R",
            "learning_rate": 1,
            "n_estimators": 50
        },
        "best_iteration": null,
        "done_at": 1620374638908,
        "split_id": 1
    },
    {
        "test_score_gib": 0.8228112802502761,
        "train_score": 0.8215469756282695,
        "test_score": 0.8228112802502761,
        "num_samples": 15982,
        "fit_time": 14250,
        "score_time": 3427,
        "time": 17677,
        "parameters": {
            "algorithm": "SAMME.R",
            "learning_rate": 1,
            "n_estimators": 50
        },
        "best_iteration": null,
        "done_at": 1620374639017,
        "split_id": 2
    },
    {
        "test_score_gib": 0.8216173175595208,
        "train_score": 0.8218467391218187,
        "test_score": 0.8216173175595208,
        "num_samples": 15982,
        "fit_time": 14413,
        "score_time": 3386,
        "time": 17799,
        "parameters": {
            "algorithm": "SAMME.R",
            "learning_rate": 1,
            "n_estimators": 50
        },
        "best_iteration": null,
        "done_at": 1620374639261,
        "split_id": 3
    },
    {
        "test_score_gib": 0.8220297537713466,
        "train_score": 0.8217418987692053,
        "test_score": 0.8220297537713466,
        "num_samples": 15982,
        "fit_time": 14564,
        "score_time": 2965,
        "time": 17529,
        "parameters": {
            "algorithm": "SAMME.R",
            "learning_rate": 1,
            "n_estimators": 50
        },
        "best_iteration": null,
        "done_at": 1620374656274,
        "split_id": 4
    },
    {
        "test_score_gib": 0.8205994891324543,
        "train_score": 0.822035735374478,
        "test_score": 0.8205994891324543,
        "num_samples": 15983,
        "fit_time": 26011,
        "score_time": 5846,
        "time": 31857,
        "parameters": {
            "algorithm": "SAMME.R",
            "learning_rate": 1,
            "n_estimators": 100
        },
        "best_iteration": null,
        "done_at": 1620374670769,
        "split_id": 0
    },
    {
        "test_score_gib": 0.8218133038121624,
        "train_score": 0.8217320843035782,
        "test_score": 0.8218133038121624,
        "num_samples": 15983,
        "fit_time": 25663,
        "score_time": 5591,
        "time": 31254,
        "parameters": {
            "algorithm": "SAMME.R",
            "learning_rate": 1,
            "n_estimators": 100
        },
        "best_iteration": null,
        "done_at": 1620374670276,
        "split_id": 1
    },
    {
        "test_score_gib": 0.8227659673207075,
        "train_score": 0.821494631442879,
        "test_score": 0.8227659673207075,
        "num_samples": 15982,
        "fit_time": 25918,
        "score_time": 5621,
        "time": 31539,
        "parameters": {
            "algorithm": "SAMME.R",
            "learning_rate": 1,
            "n_estimators": 100
        },
        "best_iteration": null,
        "done_at": 1620374670804,
        "split_id": 2
    },
    {
        "test_score_gib": 0.8215641518826726,
        "train_score": 0.8217963957151048,
        "test_score": 0.8215641518826726,
        "num_samples": 15982,
        "fit_time": 21996,
        "score_time": 3520,
        "time": 25516,
        "parameters": {
            "algorithm": "SAMME.R",
            "learning_rate": 1,
            "n_estimators": 100
        },
        "best_iteration": null,
        "done_at": 1620374681796,
        "split_id": 3
    },
    {
        "test_score_gib": 0.8219921178256264,
        "train_score": 0.8216875090699892,
        "test_score": 0.8219921178256264,
        "num_samples": 15982,
        "fit_time": 15403,
        "score_time": 3979,
        "time": 19382,
        "parameters": {
            "algorithm": "SAMME.R",
            "learning_rate": 1,
            "n_estimators": 100
        },
        "best_iteration": null,
        "done_at": 1620374689663,
        "split_id": 4
    }
]