{
    "startedAt": 1620374621239,
    "gridSize": 2,
    "nThreads": 4,
    "nSplits": 5,
    "metric": "ROC_AUC",
    "timeout": null,
    "gridPoints": [
        {
            "finishedAt": 1620374656274,
            "score": 0.8217980167325871,
            "testScoreGibMean": 0.8217980167325871,
            "testScoreMean": 0.8217980167325871,
            "testScoreStd": 0.0006934936046342527,
            "trainScoreMean": 0.8218001928979588,
            "trainScoreStd": 0.00017329646345955071,
            "time": 88171,
            "fitTimeMean": 14340.4,
            "fitTimeStd": 132.34893274975812,
            "scoreTimeMean": 3293.8,
            "scoreTimeStd": 183.96891041695062,
            "best_iteration": null,
            "parameters": {
                "algorithm": "SAMME.R",
                "learning_rate": 1,
                "n_estimators": 50
            }
        },
        {
            "finishedAt": 1620374689663,
            "score": 0.8217469924646034,
            "testScoreGibMean": 0.8217469924646034,
            "testScoreMean": 0.8217469924646034,
            "testScoreStd": 0.0007004297597569134,
            "trainScoreMean": 0.821749274550879,
            "trainScoreStd": 0.00017506291273144478,
            "time": 139548,
            "fitTimeMean": 22998.2,
            "fitTimeStd": 4083.988805077702,
            "scoreTimeMean": 4911.4,
            "scoreTimeStd": 963.7664862403134,
            "best_iteration": null,
            "parameters": {
                "algorithm": "SAMME.R",
                "learning_rate": 1,
                "n_estimators": 100
            }
        }
    ]
}