{
  "columns": [
    {"name":"0","type":"double"},
    {"name":"1","type":"double"},
    {"name":"2","type":"double"},
    {"name":"3","type":"double"},
    {"name":"4","type":"double"},
    {"name":"5","type":"double"},
    {"name":"6","type":"double"},
    {"name":"7","type":"double"},
    {"name":"8","type":"double"},
    {"name":"9","type":"double"},
    {"name":"10","type":"double"},
    {"name":"11","type":"double"},
    {"name":"12","type":"double"},
    {"name":"13","type":"double"},
    {"name":"14","type":"double"},
    {"name":"15","type":"double"},
    {"name":"16","type":"double"},
    {"name":"17","type":"double"},
    {"name":"18","type":"double"},
    {"name":"19","type":"double"},
    {"name":"20","type":"double"},
    {"name":"21","type":"double"},
    {"name":"22","type":"double"},
    {"name":"23","type":"double"},
    {"name":"24","type":"double"},
    {"name":"25","type":"double"},
    {"name":"26","type":"double"},
    {"name":"27","type":"double"},
    {"name":"28","type":"double"},
    {"name":"29","type":"double"},
    {"name":"30","type":"double"},
    {"name":"31","type":"double"},
    {"name":"32","type":"double"},
    {"name":"33","type":"double"},
    {"name":"34","type":"double"},
    {"name":"35","type":"double"},
    {"name":"36","type":"double"},
    {"name":"37","type":"double"},
    {"name":"38","type":"double"},
    {"name":"39","type":"double"},
    {"name":"40","type":"double"},
    {"name":"41","type":"double"},
    {"name":"42","type":"double"},
    {"name":"43","type":"double"},
    {"name":"44","type":"double"},
    {"name":"45","type":"double"},
    {"name":"46","type":"double"},
    {"name":"47","type":"double"},
    {"name":"48","type":"double"},
    {"name":"49","type":"double"},
    {"name":"50","type":"double"},
    {"name":"51","type":"double"},
    {"name":"52","type":"double"},
    {"name":"53","type":"double"},
    {"name":"target","type":"int"}
  ],
  "userModified": false
}