{
    "modelInputNRows": 79912,
    "modelInputNCols": 32,
    "modelInputIsSparse": false,
    "modelInputMemory": 20457472,
    "usedGridSearch": true,
    "gridSize": 2,
    "gridBestScore": 0.8217980167325871,
    "gridCells": [
        {
            "params": {
                "algorithm": "SAMME.R",
                "learning_rate": 1,
                "n_estimators": 50
            },
            "score": 0.8217980167325871,
            "scoreStd": 0.0006934936046342527,
            "fitTime": 14.340399999999999,
            "fitTimeStd": 0.13234893274975812,
            "scoreTime": 3.2938,
            "scoreTimeStd": 0.18396891041695063
        },
        {
            "params": {
                "algorithm": "SAMME.R",
                "learning_rate": 1,
                "n_estimators": 100
            },
            "score": 0.8217469924646034,
            "scoreStd": 0.0007004297597569134,
            "fitTime": 22.9982,
            "fitTimeStd": 4.083988805077702,
            "scoreTime": 4.9113999999999995,
            "scoreTimeStd": 0.9637664862403134
        }
    ],
    "rawImportance": {
        "variables": [
            "0",
            "5"
        ],
        "importances": [
            0.52,
            0.48
        ]
    },
    "probaAware": true
}