{
    "metrics": {
        "mrocAUC": 0.8223906761430315,
        "mcalibrationLoss": 0.10828007062792924,
        "precision": 0.47337366082410437,
        "recall": 0.48129552162946204,
        "f1": 0.47642929368086384,
        "accuracy": 0.6291816009557945,
        "hammingLoss": 0.3708183990442055,
        "logLoss": 1.275235842077791
    },
    "processed_feature_names": [
        "0",
        "1",
        "2",
        "3",
        "4",
        "5",
        "6",
        "7",
        "8",
        "9",
        "10",
        "12",
        "21",
        "22",
        "23",
        "24",
        "25",
        "29",
        "31",
        "32",
        "33",
        "35",
        "36",
        "37",
        "42",
        "43",
        "44",
        "45",
        "46",
        "51",
        "52",
        "53"
    ],
    "classes": [
        "2",
        "5",
        "7",
        "1"
    ],
    "confusion": {
        "totalRows": 20088,
        "perActual": {
            "2": {
                "actualClassCount": 8735.0,
                "perPredicted": {
                    "2": 6181,
                    "5": 1365,
                    "7": 0,
                    "1": 1189
                }
            },
            "5": {
                "actualClassCount": 5422.0,
                "perPredicted": {
                    "2": 1863,
                    "5": 3559,
                    "7": 0,
                    "1": 0
                }
            },
            "7": {
                "actualClassCount": 765.0,
                "perPredicted": {
                    "2": 0,
                    "5": 0,
                    "7": 0,
                    "1": 765
                }
            },
            "1": {
                "actualClassCount": 5166.0,
                "perPredicted": {
                    "2": 1929,
                    "5": 338,
                    "7": 0,
                    "1": 2899
                }
            }
        }
    },
    "oneVsAllRocAUC": {
        "2": 0.4709429626588415,
        "5": 0.8619861313235977,
        "7": 0.9827925270403146,
        "1": 0.7780447681408285
    },
    "oneVsAllRocCurves": {
        "2": [
            {
                "x": 0.0,
                "y": 0.0,
                "p": 1.498417481819889
            },
            {
                "x": 0.05602043512727913,
                "y": 0.09158557527189468,
                "p": 0.4562291377513424
            },
            {
                "x": 0.11133621069320884,
                "y": 0.15626788780767029,
                "p": 0.45100994879775225
            },
            {
                "x": 0.16145512199418655,
                "y": 0.2625071551230681,
                "p": 0.43117589699578246
            },
            {
                "x": 0.23447546903902053,
                "y": 0.31196336576989125,
                "p": 0.40196024748347076
            },
            {
                "x": 0.31251651545846915,
                "y": 0.33302804808242703,
                "p": 0.3977453304586156
            },
            {
                "x": 0.5898881352946358,
                "y": 0.36336576989124214,
                "p": 0.3929694029837698
            },
            {
                "x": 0.6278516691623359,
                "y": 0.41247853463079565,
                "p": 0.35443274504717437
            },
            {
                "x": 0.8141460406940897,
                "y": 0.8662850601030337,
                "p": 0.3407290912973352
            },
            {
                "x": 0.8625913855368625,
                "y": 0.935661133371494,
                "p": 0.32737095529778687
            },
            {
                "x": 0.9825596758566018,
                "y": 0.9434459072696051,
                "p": 0.32606007393979447
            },
            {
                "x": 1.0,
                "y": 1.0,
                "p": 2.9779313823248208e-05
            }
        ],
        "5": [
            {
                "x": 0.0,
                "y": 0.0,
                "p": 1.9999422137362743
            },
            {
                "x": 0.06259375426155735,
                "y": 0.5879749170047953,
                "p": 0.41068994087029426
            },
            {
                "x": 0.11611891449611346,
                "y": 0.6563998524529694,
                "p": 0.3620277685646674
            },
            {
                "x": 0.4221328242192827,
                "y": 0.949834009590557,
                "p": 0.3300279460607182
            },
            {
                "x": 0.45240692758761764,
                "y": 0.9964957580228698,
                "p": 0.2789351834296796
            },
            {
                "x": 0.5531160507295786,
                "y": 1.0,
                "p": 0.14734523449888842
            },
            {
                "x": 0.6275739806354834,
                "y": 1.0,
                "p": 0.08008674515034397
            },
            {
                "x": 0.7435565252966044,
                "y": 1.0,
                "p": 5.0758556397265625e-06
            },
            {
                "x": 0.8295377062593754,
                "y": 1.0,
                "p": 3.962287722221067e-06
            },
            {
                "x": 0.9024955679803628,
                "y": 1.0,
                "p": 2.2994514045658088e-06
            },
            {
                "x": 1.0,
                "y": 1.0,
                "p": 1.6510359608724951e-06
            }
        ],
        "7": [
            {
                "x": 0.0,
                "y": 0.0,
                "p": 1.3334613079960593
            },
            {
                "x": 0.0344149459193707,
                "y": 1.0,
                "p": 0.3334613079960593
            },
            {
                "x": 0.08978937018061378,
                "y": 1.0,
                "p": 0.19444847467629928
            },
            {
                "x": 0.15504838793148062,
                "y": 1.0,
                "p": 0.19433680548261226
            },
            {
                "x": 0.22527557832634684,
                "y": 1.0,
                "p": 0.10423407122261028
            },
            {
                "x": 0.29959116079283754,
                "y": 1.0,
                "p": 4.8475702792086795e-06
            },
            {
                "x": 0.36857630802670394,
                "y": 1.0,
                "p": 2.165806729770951e-06
            },
            {
                "x": 0.7012368679811624,
                "y": 1.0,
                "p": 5.336511538605706e-07
            },
            {
                "x": 0.904362676603012,
                "y": 1.0,
                "p": 3.307181774198322e-07
            },
            {
                "x": 0.9641877555245045,
                "y": 1.0,
                "p": 2.4509813568710196e-07
            },
            {
                "x": 1.0,
                "y": 1.0,
                "p": 4.845696316034492e-16
            }
        ],
        "1": [
            {
                "x": 0.0,
                "y": 0.0,
                "p": 1.4719569339204217
            },
            {
                "x": 0.050998525666800694,
                "y": 0.12311265969802555,
                "p": 0.46367926952803434
            },
            {
                "x": 0.0914756735022115,
                "y": 0.24467673248161054,
                "p": 0.4447509041239978
            },
            {
                "x": 0.15366572845463075,
                "y": 0.3548199767711963,
                "p": 0.42147670269859927
            },
            {
                "x": 0.16599651521243802,
                "y": 0.5263259775454897,
                "p": 0.40780389541368056
            },
            {
                "x": 0.19494705803511594,
                "y": 0.6867982965543941,
                "p": 0.40369898474619476
            },
            {
                "x": 0.2704731269266854,
                "y": 0.8170731707317073,
                "p": 0.3404769670281854
            },
            {
                "x": 0.6700174239378099,
                "y": 0.9345722028648857,
                "p": 0.3292424289907927
            },
            {
                "x": 0.7354912210159497,
                "y": 0.9692218350754936,
                "p": 0.31060103103941006
            },
            {
                "x": 0.9642809274896127,
                "y": 0.9692218350754936,
                "p": 0.19634032542775848
            },
            {
                "x": 1.0,
                "y": 1.0,
                "p": 2.800694990178785e-05
            }
        ]
    },
    "oneVsAllCalibrationCurves": {
        "2": [
            {
                "y": 0,
                "x": 0,
                "n": 0
            },
            {
                "y": 0.7138728323699421,
                "x": 3.1998975593494615e-05,
                "n": 692.0
            },
            {
                "y": 0.39374687700763794,
                "x": 0.3564404110279669,
                "n": 14009.0
            },
            {
                "y": 0.5058474104325228,
                "x": 0.43749713798612855,
                "n": 5387.0
            },
            {
                "y": 1,
                "x": 1,
                "n": 0
            }
        ],
        "5": [
            {
                "y": 0,
                "x": 0,
                "n": 0
            },
            {
                "y": 0.0,
                "x": 0.013346979176113353,
                "n": 6554.0
            },
            {
                "y": 0.0,
                "x": 0.14734523449888842,
                "n": 1333.0
            },
            {
                "y": 0.07837837837837838,
                "x": 0.27537215433763707,
                "n": 370.0
            },
            {
                "y": 0.2854368932038835,
                "x": 0.33343599554098474,
                "n": 7725.0
            },
            {
                "y": 0.9223784417106033,
                "x": 0.41068994087029426,
                "n": 3414.0
            },
            {
                "y": 0.05635838150289017,
                "x": 0.9999378766654309,
                "n": 692.0
            },
            {
                "y": 1,
                "x": 1,
                "n": 0
            }
        ],
        "7": [
            {
                "y": 0,
                "x": 0,
                "n": 0
            },
            {
                "y": 0.0,
                "x": 0.0012368257552136178,
                "n": 14970.0
            },
            {
                "y": 0.0,
                "x": 0.1615074530685142,
                "n": 3688.0
            },
            {
                "y": 0.534965034965035,
                "x": 0.33346130799605916,
                "n": 1430.0
            },
            {
                "y": 1,
                "x": 1,
                "n": 0
            }
        ],
        "1": [
            {
                "y": 0,
                "x": 0,
                "n": 0
            },
            {
                "y": 0.22976878612716764,
                "x": 3.0124358974768095e-05,
                "n": 692.0
            },
            {
                "y": 0.0,
                "x": 0.19634032542775848,
                "n": 3414.0
            },
            {
                "y": 0.1531758530183727,
                "x": 0.33010754914921914,
                "n": 9525.0
            },
            {
                "y": 0.549481183212018,
                "x": 0.430010990261295,
                "n": 6457.0
            },
            {
                "y": 1,
                "x": 1,
                "n": 0
            }
        ]
    },
    "oneVsAllCalibrationLoss": {
        "2": 0.06893702988285676,
        "5": 0.15568646028910751,
        "7": 0.044917617385397436,
        "1": 0.16357917495435523
    },
    "densityData": {
        "2": {
            "correct": [
                1.3163698123676943,
                1.1077195991493756,
                0.6586269659975834,
                0.2766985724749322,
                0.0821357206031659,
                0.017227210775568828,
                0.0025530281625070197,
                0.00026733387052247694,
                1.977926319492258e-05,
                1.0340081820402828e-06,
                3.8194038868302576e-08,
                9.968388014765363e-10,
                1.8382856972096086e-11,
                2.3952831730987853e-13,
                2.2851431563049216e-15,
                1.43420229430512e-17,
                7.446696925165066e-20,
                2.1333480679251857e-18,
                3.765510216093984e-16,
                5.3666867421382494e-14,
                4.749433230401852e-12,
                2.974504047813741e-10,
                1.3226415425750904e-08,
                4.1861157232389926e-07,
                9.46546044899151e-06,
                0.00015372761894994277,
                0.0018062036131514204,
                0.015489250142920193,
                0.09787057469905083,
                0.4593362977165434,
                1.6081935042363775,
                4.197262110861434,
                8.126810214690428,
                11.604980950439302,
                12.196875744398344,
                9.54451701829467,
                5.882900911442923,
                3.4614820703890588,
                2.703923358633188,
                2.789501335555572,
                2.957970102726032,
                3.1373657323968924,
                3.5782784406370847,
                4.195370411215572,
                4.535874693878687,
                4.220479721673257,
                3.298954621320535,
                2.2017437982180845,
                1.3105515362211893,
                0.7134953010382206,
                0.34756642249746056,
                0.14519320801607738,
                0.05005650576860676,
                0.013732281950371504,
                0.00289034736075399,
                0.00045249685469129407,
                5.155367172357236e-05,
                4.217525556685415e-06,
                2.4587669149391125e-07,
                1.0173325900370113e-08,
                2.9809947702314504e-10,
                6.179141855026392e-12,
                9.055545644550076e-14,
                9.379782297309227e-16,
                6.8658943736074495e-18,
                3.5513561041195466e-20,
                1.297976876666913e-22,
                3.3520197508710246e-25,
                6.116579026570654e-28,
                7.886253581625477e-31,
                7.184422108943738e-34,
                4.62456942591687e-37,
                2.1033368066037176e-40,
                6.759339170052551e-44,
                1.5348200927286775e-47,
                2.4624560732529037e-51,
                2.7914976479534515e-55,
                2.2359587543754044e-59,
                1.2654589218192006e-63,
                5.06046068807251e-68,
                1.4298477514464373e-72,
                2.8546132371320164e-77,
                4.0268225389991347e-82,
                4.0136125216609102e-87,
                2.8266115659037562e-92,
                1.4065479980966128e-97,
                4.945391963337792e-103,
                1.2285833263936027e-108,
                2.1565833695216704e-114,
                2.6747649470885195e-120,
                2.3440276532651293e-126,
                1.4514349454667878e-132,
                6.350240243576502e-139,
                1.9630911861344892e-145,
                4.28793829336133e-152,
                6.617810348999489e-159,
                7.216686571923763e-166,
                5.560567372253385e-173,
                3.027318443371951e-180,
                1.1645411598127332e-187
            ],
            "incorrect": [
                0.6605543362792059,
                0.41831790293233423,
                0.10561029528607031,
                0.010629380740914952,
                0.00042649267031202956,
                6.822084297254542e-06,
                4.3503529434309065e-08,
                1.1059457022884587e-10,
                1.1212646753199398e-13,
                4.520505686695788e-17,
                7.279744921565167e-21,
                4.673553011061297e-25,
                1.1961345995182641e-29,
                1.2204354151424216e-34,
                4.96422456432584e-40,
                8.0498892546655e-46,
                5.6851759389132e-52,
                9.657433290180823e-47,
                7.725834274056218e-41,
                2.463944421639146e-35,
                3.1326962055296483e-30,
                1.5878428979859577e-25,
                3.208475596508885e-21,
                2.5845933769594044e-17,
                1.0642900054970093e-13,
                1.3846023203042873e-10,
                7.196299362663995e-08,
                1.4942429562573553e-05,
                0.0012404923061281577,
                0.041273705260974375,
                0.5549814558548052,
                3.10347384772115,
                7.870845777692758,
                10.80539770731845,
                9.217164056726915,
                4.815020820768935,
                1.9444642963352423,
                2.84678909229915,
                9.249571442978079,
                15.332835213747472,
                11.29739072822594,
                4.170473438726375,
                2.07390253119068,
                2.603843787004969,
                3.7076448099243735,
                4.1909990912144695,
                2.4441419206563992,
                0.7393974584199676,
                0.2005982923367657,
                0.05392555306528245,
                0.007567118359159887,
                0.0004399271875451734,
                1.0244456323098486e-05,
                9.515920729180402e-08,
                3.524080041409404e-10,
                5.202911700131303e-13,
                3.062312328886843e-16,
                7.185457388997131e-20,
                6.721422692792922e-24,
                2.5065123274882456e-28,
                3.72632155229408e-33,
                2.208475868860214e-38,
                5.218033158165984e-44,
                4.914992473773365e-50,
                1.845613363654379e-56,
                2.762869941375149e-63,
                1.6488532449771594e-70,
                3.9228835052557926e-78,
                3.720751503620876e-86,
                1.4068823032772393e-94,
                2.120736514614976e-103,
                1.2744344649459962e-112,
                3.053164103899886e-122,
                2.9159806256767856e-132,
                1.1102504730465323e-142,
                1.6852298615203438e-153,
                1.0197628147529231e-164,
                2.4600336257539442e-176,
                2.3658366848026046e-188,
                9.070481175568045e-201,
                1.3863654841638755e-213,
                8.447476548207189e-227,
                2.0520035063397445e-240,
                1.987151819352688e-254,
                7.671598140390299e-269,
                1.1807079517525496e-283,
                7.244375904237582e-299,
                1.771990189e-314,
                0.0,
                0.0,
                0.0,
                0.0,
                0.0,
                0.0,
                0.0,
                0.0,
                0.0,
                0.0,
                0.0,
                0.0
            ],
            "correctMedian": 0.3407290912973352,
            "incorrectMedian": 0.3929694029837698
        },
        "5": {
            "correct": [
                3.473649094550507e-102,
                8.661072124992401e-95,
                1.1263518186261553e-87,
                7.6399967254650195e-81,
                2.7028937789747747e-74,
                4.987483631527546e-68,
                4.8001044366756496e-62,
                2.4095535806159805e-56,
                6.308690009975002e-51,
                8.615063569576037e-46,
                6.136129028456227e-41,
                2.27953979615945e-36,
                4.4168898853154994e-32,
                4.4637787944904905e-28,
                2.3529107641238574e-24,
                6.4688182703935346e-21,
                9.276008926289756e-18,
                6.937677719821763e-15,
                2.706350299681251e-12,
                5.506447189285213e-10,
                5.8435813698900885e-08,
                3.234572621832871e-06,
                9.339515325516826e-05,
                0.0014072061426359213,
                0.011080401100604322,
                0.04589249988366035,
                0.10342824139232312,
                0.15483129422972022,
                0.30031707272185115,
                0.8671451907375419,
                2.261630483476631,
                5.09803233119592,
                8.788051089585924,
                9.380062450042065,
                6.021685258324816,
                3.339236831957275,
                2.4330611792146635,
                1.6665317677700553,
                2.33475215825721,
                7.64660057417506,
                16.079600631523153,
                17.816525958489024,
                10.30103522846121,
                3.1064461238594228,
                0.488611678790659,
                0.040084878812028484,
                0.0017151969894692426,
                3.827931300952089e-05,
                4.45585410579337e-07,
                2.7052944365253714e-09,
                8.566722779905002e-12,
                1.6148642522007993e-14,
                1.0342583857427006e-17,
                4.647071671730874e-21,
                1.0890464129347176e-24,
                1.3311595295991185e-28,
                8.486537227617177e-33,
                2.8219390814366655e-37,
                4.8941969962634707e-42,
                4.427228693513478e-47,
                2.088811093591398e-52,
                5.140236161817682e-58,
                6.597565009247862e-64,
                4.4167313343672337e-70,
                1.5421797096852702e-76,
                2.808572801635767e-83,
                2.6677988756116434e-90,
                1.3217130650009774e-97,
                3.4153717290938394e-105,
                4.6031536742197454e-113,
                3.7811778572325444e-120,
                3.9231114040393683e-112,
                2.3216900929807706e-104,
                7.166292887637978e-97,
                1.1537230197591831e-89,
                9.687802144778772e-83,
                4.24292799466047e-76,
                9.692208785889143e-70,
                1.1547728346689376e-63,
                7.176076421673959e-58,
                2.3259171973175163e-52,
                3.932041953028071e-47,
                3.467039059714373e-42,
                1.5944687959187761e-37,
                3.824635156785182e-33,
                4.7849863109272655e-29,
                3.122396740638342e-25,
                1.0627036411699202e-21,
                1.886483238090199e-18,
                1.7466682714233857e-15,
                8.434990741747679e-13,
                2.1245917348548116e-10,
                2.7911492725061333e-08,
                1.9125259550721237e-06,
                6.835154101912178e-05,
                0.001274107233977445,
                0.012387405404207102,
                0.06281616504510504,
                0.1661419048341951,
                0.22919421427499945
            ],
            "incorrect": [
                4.237402210951462,
                4.128059132613656,
                3.756091758443474,
                3.2235061799197005,
                2.6520847688244102,
                2.1429424643674735,
                1.7518774865092055,
                1.4879873585783645,
                1.329993014286171,
                1.2472223608194029,
                1.213494106423167,
                1.2096752327747258,
                1.218770845088596,
                1.221113340287496,
                1.19514112578139,
                1.123816900585616,
                1.0021376011780805,
                0.8404451498907863,
                0.6612982966001455,
                0.4918569159282443,
                0.35609552535805244,
                0.2705637707886475,
                0.24490442024922238,
                0.2858299721491517,
                0.40191158482230077,
                0.6063133386590567,
                0.9150502546024964,
                1.3395054039513605,
                1.8743119910341055,
                2.485136005365903,
                3.103597099572705,
                3.6357712938952305,
                3.9850810249416684,
                4.082148283906835,
                3.9086034660748896,
                3.50338078301584,
                2.948490679306889,
                2.341440331369637,
                1.7670474061082968,
                1.2795914175169252,
                0.8993533511588885,
                0.62047496407777,
                0.42345543787061224,
                0.2861683060094679,
                0.19028118765313898,
                0.12307761823813455,
                0.07645588388679518,
                0.045093574895883386,
                0.025026453532307872,
                0.012985625273666087,
                0.006271665114248082,
                0.0028110905499793577,
                0.0011670557324603822,
                0.0004482052504262671,
                0.0001590983491584612,
                5.2169587522367936e-05,
                1.5796952184974564e-05,
                4.415989423901544e-06,
                1.1394923615472201e-06,
                2.713792363551533e-07,
                5.964749517571427e-08,
                1.2098655051937755e-08,
                2.2646290116754045e-09,
                3.9116713182008664e-10,
                6.234870811104926e-11,
                9.170423772148266e-12,
                1.2446208953104626e-12,
                1.5587575471445406e-13,
                1.8022103128785852e-14,
                2.0704075344902934e-15,
                1.2420867789709556e-15,
                1.0423519400627882e-14,
                9.489464223365634e-14,
                7.984623460338827e-13,
                6.199536185673036e-12,
                4.4417007718967854e-11,
                2.936465963969761e-10,
                1.7913734022138249e-09,
                1.0083998014050748e-08,
                5.237992257696469e-08,
                2.510628368995941e-07,
                1.110415431045462e-06,
                4.531834293340587e-06,
                1.7066640136964743e-05,
                5.930721320528275e-05,
                0.0001901745863054288,
                0.0005627077797446246,
                0.0015363806736931203,
                0.0038707955044355556,
                0.008998851747589867,
                0.01930453934316106,
                0.038213539423392666,
                0.06980082627109782,
                0.11764929768351375,
                0.18297998634893367,
                0.2626051986443604,
                0.34776712444568264,
                0.42497091301128753,
                0.4791984052644588,
                0.4986054242384219
            ],
            "correctMedian": 0.41068994087029426,
            "incorrectMedian": 0.14734523449888842
        },
        "7": {
            "correct": [
                0.0,
                0.0,
                0.0,
                0.0,
                0.0,
                0.0,
                0.0,
                0.0,
                0.0,
                0.0,
                0.0,
                0.0,
                0.0,
                0.0,
                0.0,
                0.0,
                0.0,
                0.0,
                0.0,
                0.0,
                0.0,
                0.0,
                0.0,
                0.0,
                0.0,
                0.0,
                0.0,
                0.0,
                0.0,
                0.0,
                0.0,
                0.0,
                0.0,
                0.0,
                0.0,
                0.0,
                0.0,
                0.0,
                0.0,
                0.0,
                0.0,
                0.0,
                0.0,
                0.0,
                0.0,
                0.0,
                0.0,
                0.0,
                0.0,
                0.0,
                0.0,
                0.0,
                0.0,
                0.0,
                0.0,
                0.0,
                0.0,
                0.0,
                0.0,
                0.0,
                0.0,
                0.0,
                0.0,
                0.0,
                0.0,
                0.0,
                0.0,
                0.0,
                0.0,
                0.0,
                0.0,
                0.0,
                0.0,
                0.0,
                0.0,
                0.0,
                0.0,
                0.0,
                0.0,
                0.0,
                0.0,
                0.0,
                0.0,
                0.0,
                0.0,
                0.0,
                0.0,
                0.0,
                0.0,
                0.0,
                0.0,
                0.0,
                0.0,
                0.0,
                0.0,
                0.0,
                0.0,
                0.0,
                0.0,
                0.0
            ],
            "incorrect": [
                23.93597735323803,
                17.392427558469265,
                6.7013126486880426,
                1.4583765405103037,
                0.3966576803790096,
                0.45770933705584305,
                0.4838271887785703,
                0.33542684549462043,
                0.4492125344013714,
                1.209059656554952,
                2.0892507265121076,
                1.9509271799229952,
                0.9802756281312193,
                0.26666255872039135,
                0.0400971736585195,
                0.015082850817823918,
                0.1309416065976497,
                0.7592846738524225,
                2.3221644798107324,
                3.741731304906041,
                3.176446226641098,
                1.4206912405369405,
                0.33477050366739336,
                0.04156080580388837,
                0.0027183791290727147,
                9.36766296480052e-05,
                1.8567430655870751e-06,
                1.0150712264031403e-05,
                0.0003467886694303763,
                0.006251921381558563,
                0.05938080609744828,
                0.29714097161757347,
                0.7833626461524049,
                1.0880454770941184,
                0.7961870446511244,
                0.3069495737587792,
                0.06234517267932886,
                0.006671484772926245,
                0.00037611966060349054,
                1.1171550200873033e-05,
                1.7481742411856966e-07,
                1.4412517961296715e-09,
                6.26006547762585e-12,
                1.4325235142743365e-14,
                1.7270643222737838e-17,
                1.0969810749094245e-20,
                3.6709090723411234e-24,
                6.471902839815335e-28,
                6.011380520891608e-32,
                2.9417131381521002e-36,
                7.584208956928777e-41,
                1.0301586873809039e-45,
                7.371940784795672e-51,
                2.779351125964637e-56,
                5.520632833095964e-62,
                5.777210356661494e-68,
                3.1851608404726614e-74,
                9.251846608594216e-81,
                1.4158242586993473e-87,
                1.1414953434550367e-94,
                4.848672026529996e-102,
                1.0850639691533825e-109,
                1.2792980731452319e-117,
                7.94642920357872e-126,
                2.600495824234007e-134,
                4.4835722486651525e-143,
                4.072640291672559e-152,
                1.9489998428954563e-161,
                4.913957818184427e-171,
                6.527320138936773e-181,
                4.5679597924849236e-191,
                1.6841993715153154e-201,
                3.2715126113562097e-212,
                3.348016318391489e-223,
                1.805137975899461e-234,
                5.127635068403863e-246,
                7.67375067725753e-258,
                6.050372728234952e-270,
                2.5132775066163333e-282,
                5.500252516676926e-295,
                6.341743637945551e-308,
                3.854e-321,
                0.0,
                0.0,
                0.0,
                0.0,
                0.0,
                0.0,
                0.0,
                0.0,
                0.0,
                0.0,
                0.0,
                0.0,
                0.0,
                0.0,
                0.0,
                0.0,
                0.0,
                0.0
            ],
            "correctMedian": 0.3334613079960593,
            "incorrectMedian": 5.336511538605706e-07
        },
        "1": {
            "correct": [
                0.773883129356294,
                0.6327267737410064,
                0.3449352093223782,
                0.12538319296291256,
                0.03038936362207021,
                0.004911163228934863,
                0.0005292094787408248,
                3.8023434507832754e-05,
                1.821610634907704e-06,
                5.818891333924183e-08,
                1.2393827229988511e-09,
                1.760161223049326e-11,
                1.6667759346668698e-13,
                1.0524072828800509e-15,
                4.4264611433348425e-18,
                1.254214903426489e-20,
                5.666572704248773e-20,
                1.8253266996745697e-17,
                3.922185737857037e-15,
                6.171220961994147e-13,
                5.897282080537511e-11,
                3.758337213173725e-09,
                1.598005719805516e-07,
                4.536201516328705e-06,
                8.609180064683221e-05,
                0.0010957730512672682,
                0.009414663838967425,
                0.05535011609428235,
                0.22869793851077505,
                0.6952172404652983,
                1.648915898924775,
                3.1770253593826108,
                4.932800710154518,
                5.925310793434688,
                5.310384881959314,
                3.5244408830657514,
                1.9417964534870333,
                1.743055571923077,
                3.54289527813108,
                6.904946174564598,
                9.757873261203382,
                10.073339274464786,
                8.364557568706086,
                6.742087374512709,
                6.090846532772642,
                5.6703143987154885,
                4.631425049317135,
                2.9791784699567696,
                1.4087237344540908,
                0.4683174757035539,
                0.10663948987682069,
                0.0164048039133367,
                0.0016932694115343783,
                0.000116884215134998,
                5.387495297642616e-06,
                1.656929564381289e-07,
                3.3990737756388637e-09,
                4.650381202784575e-11,
                4.2428400938842995e-13,
                2.5813729135610422e-15,
                1.0472843301096089e-17,
                2.833320788932606e-20,
                5.111441872995897e-23,
                6.14904546358374e-26,
                4.9327491464566083e-29,
                2.638687978054579e-32,
                9.412510086467545e-36,
                2.2389379229689488e-39,
                3.5513921755940044e-43,
                3.756436203325134e-47,
                2.6495678020394157e-51,
                1.2462252259917757e-55,
                3.908781310358583e-60,
                8.175426271279479e-65,
                1.1402616276458325e-69,
                1.0605339192141685e-74,
                6.577660513709584e-80,
                2.72048339786152e-85,
                7.503248673124213e-91,
                1.3800097149548045e-96,
                1.69256519077298e-102,
                1.3843313147109251e-108,
                7.550348232971003e-115,
                2.7461683094766215e-121,
                6.660724660471718e-128,
                1.0773353434042521e-134,
                1.162027397205078e-141,
                8.358316257617591e-149,
                4.009213129045452e-156,
                1.2824437930315891e-163,
                2.7356298078376384e-171,
                3.8915000802502244e-179,
                3.691632199008506e-187,
                2.33540607086489e-195,
                9.852578670320228e-204,
                2.7719275126550996e-212,
                5.200668799339334e-221,
                6.5070299731593755e-230,
                5.429422080515332e-239,
                3.0211513756431925e-248
            ],
            "incorrect": [
                0.9291239953557515,
                0.7489203833911391,
                0.3912139348947177,
                0.13243710255973098,
                0.029055055932236968,
                0.004130954875475249,
                0.00038062374346719034,
                2.272783103015793e-05,
                8.795047646044575e-07,
                2.2382013821231055e-08,
                2.462213497191888e-08,
                1.1713050490075762e-06,
                3.664353918603821e-05,
                0.0007429214400759601,
                0.009761241397465896,
                0.0831158587377822,
                0.45864791280337464,
                1.6401804409680438,
                3.8011982253781706,
                5.709079478045553,
                5.556845757836064,
                3.5051554042753303,
                1.4328572528557317,
                0.3795941520644737,
                0.0652576891986376,
                0.008597735859546292,
                0.014085250375832555,
                0.0918383480562276,
                0.43243000403178855,
                1.4868997147723655,
                3.889900971151286,
                7.772708693607966,
                11.480768865230687,
                12.086162617687991,
                8.933381415850292,
                4.710914654937821,
                1.884678827777749,
                0.7311956836406193,
                0.6390866351361987,
                1.1448588554964434,
                1.8463787826334674,
                2.331096737725819,
                2.433252297887331,
                2.3465618843627696,
                2.302663852413873,
                2.2362574015840595,
                1.904958972360901,
                1.2641946115123779,
                0.6020867637790492,
                0.1964817509001734,
                0.04299263934278002,
                0.0062578482840738,
                0.0006051680936049298,
                3.8942563821072e-05,
                1.6711382206551981e-06,
                4.789352280821358e-08,
                9.167233971847281e-10,
                1.170087404209663e-11,
                9.930064226690878e-14,
                5.582376118373627e-16,
                2.0705852110922846e-18,
                5.048231357192923e-21,
                8.063638744799084e-24,
                8.415791023218276e-27,
                5.726713592966478e-30,
                2.5366171195422233e-33,
                7.304893477098547e-37,
                1.3664460760085017e-40,
                1.6592309462001853e-44,
                1.307229337518258e-48,
                6.680053714093716e-53,
                2.2135322630181246e-57,
                4.755478126721651e-62,
                6.622947205417115e-67,
                5.978868224210771e-72,
                3.498405082648692e-77,
                1.3267384912112722e-82,
                3.261001234839161e-88,
                5.194661454124671e-94,
                5.362869867461026e-100,
                3.588112648511361e-106,
                1.5558229781471093e-112,
                4.3719693398948504e-119,
                7.961869948910456e-126,
                9.396645415350706e-133,
                7.187030559422613e-140,
                3.562414095012105e-147,
                1.1443453594535638e-154,
                2.38224983787624e-162,
                3.2139176940550444e-170,
                2.809954469446553e-178,
                1.592138288436467e-186,
                5.846274171089507e-195,
                1.3912154740118604e-203,
                2.1454895697096904e-212,
                2.144248784057935e-221,
                1.3888030860135842e-230,
                5.829387070977515e-240,
                1.5857029101680485e-249,
                2.795358121280505e-259
            ],
            "correctMedian": 0.40780389541368056,
            "incorrectMedian": 0.3292424289907927
        }
    },
    "globalMetrics": {
        "testWeight": 20088,
        "targetAvg": [
            0.43483671843886895,
            0.2699123855037834,
            0.03808243727598566,
            0.257168458781362
        ],
        "targetStd": [
            0.49574790085646186,
            0.4439251062567607,
            0.19140007555479488,
            0.4370839197017264
        ],
        "predictionAvg": [
            0.3658996885560123,
            0.25167366241288136,
            0.054311252434617326,
            0.3281153965964891
        ],
        "predictionStd": [
            0.08187953372642333,
            0.2139565540595186,
            0.10073287545748283,
            0.10105945398419598
        ]
    }
}