{
  "algorithm": "CUSTOM_PLUGIN",
  "plugin_python_grid": {
    "pluginId": "AdaBoostClassifier",
    "pluginVersion": "0.0.1",
    "elementId": "AdaBoostClassifier_classification",
    "name": "AdaBoostClassifier",
    "params": {
      "n_estimators": [
        50,
        100
      ],
      "learning_rate": [
        1
      ],
      "algorithm": [
        "SAMME.R"
      ],
      "random_state": 0,
      "base_estimator": []
    },
    "supportsSampleWeights": true,
    "acceptsSparseMatrix": false,
    "enabled": true
  },
  "max_ensemble_nodes_serialized": 0,
  "metrics": {
    "evaluationMetric": "ROC_AUC",
    "customEvaluationMetricGIB": true,
    "customEvaluationMetricNeedsProba": false,
    "costMatrixWeights": {
      "tpGain": 1.0,
      "tnGain": 0.0,
      "fpGain": -0.3,
      "fnGain": 0.0
    },
    "liftPoint": 0.4
  },
  "autoOptimizeThreshold": true,
  "forcedClassifierThreshold": 0.0,
  "gridLength": 2,
  "grid_search_params": {
    "mode": "KFOLD",
    "splitRatio": 0.8,
    "shuffleIterations": 1,
    "nFolds": 5,
    "stratified": true,
    "strategy": "GRID",
    "bayesianOptimizer": "SCIKIT_OPTIMIZE",
    "randomized": true,
    "seed": 0,
    "nIter": 0,
    "nIterRandom": 5,
    "timeout": 0,
    "nJobs": 4,
    "distributed": false,
    "nContainers": 4
  },
  "pluginAlgoCustomGridSearch": false,
  "computeLearningCurves": false,
  "skipExpensiveReports": false
}