{
  "state": "DONE",
  "preSearchDescription": {
    "gridLength": 2,
    "searchStrategy": "GRID",
    "importantParams": [
      {
        "name": "base_estimator",
        "vals": []
      },
      {
        "name": "n_estimators",
        "vals": [
          "50",
          "100"
        ]
      },
      {
        "name": "learning_rate",
        "vals": [
          "1"
        ]
      },
      {
        "name": "algorithm",
        "vals": [
          "\"SAMME.R\""
        ]
      }
    ]
  },
  "postSearchDescription": {
    "importantParams": [
      {
        "name": "base_estimator",
        "val": "null"
      },
      {
        "name": "n_estimators",
        "val": "50"
      },
      {
        "name": "learning_rate",
        "val": "1"
      },
      {
        "name": "algorithm",
        "val": "\"SAMME.R\""
      }
    ]
  },
  "resumed": false,
  "timeOrderingEnabled": false,
  "sampleWeightsEnabled": false,
  "modelId": "m1",
  "progress": {
    "top_level_todo": [],
    "stack": [],
    "top_level_done": [
      {
        "name": "Loading train set",
        "time": 3225
      },
      {
        "name": "Loading test set",
        "time": 1153
      },
      {
        "name": "Collecting statistics",
        "time": 345
      },
      {
        "name": "Preprocessing train set",
        "time": 459
      },
      {
        "name": "Preprocessing test set",
        "time": 215
      },
      {
        "name": "Hyperparameter searching",
        "time": 69388
      },
      {
        "name": "Fitting model",
        "time": 11045
      },
      {
        "name": "Saving model",
        "time": 5
      },
      {
        "name": "Scoring model",
        "time": 3780
      }
    ]
  },
  "startTime": 1620374615706,
  "endTime": 1620374706892,
  "preprocessingTime": 5405,
  "trainingTime": 85781,
  "hyperparamsSearchTime": 69388
}