{
    "resolved": {
        "algorithm": "CUSTOM_PLUGIN",
        "skipExpensiveReports": false,
        "plugin_python": {
            "alpha": 0.9,
            "criterion": "friedman_mse",
            "learning_rate": 0.1,
            "loss": "ls",
            "max_depth": 3,
            "max_leaf_nodes": null,
            "min_impurity_decrease": 0.0,
            "min_impurity_split": null,
            "min_samples_leaf": 1,
            "min_samples_split": 2,
            "min_weight_fraction_leaf": 0.0,
            "n_estimators": 200,
            "n_iter_no_change": null,
            "validation_fraction": 0.1,
            "verbose": 0
        }
    },
    "other": {}
}