{
    "startedAt": 1620379467090,
    "gridSize": 4,
    "nThreads": 4,
    "nSplits": 5,
    "metric": "R2",
    "timeout": null,
    "gridPoints": [
        {
            "finishedAt": 1620379476873,
            "score": 0.46579220569230345,
            "testScoreGibMean": 0.46579220569230345,
            "testScoreMean": 0.46579220569230345,
            "testScoreStd": 0.006915991255060005,
            "trainScoreMean": 0.47376030075682657,
            "trainScoreStd": 0.011382922930111406,
            "time": 23795,
            "fitTimeMean": 4725.8,
            "fitTimeStd": 269.03040720334945,
            "scoreTimeMean": 33.2,
            "scoreTimeStd": 28.97171033957091,
            "best_iteration": null,
            "parameters": {
                "alpha": 0.9,
                "criterion": "friedman_mse",
                "learning_rate": 0.1,
                "loss": "quantile",
                "max_depth": 3,
                "min_samples_leaf": 1,
                "min_samples_split": 2,
                "n_estimators": 100,
                "validation_fraction": 0.1
            }
        },
        {
            "finishedAt": 1620379480694,
            "score": 0.8286476609936902,
            "testScoreGibMean": 0.8286476609936902,
            "testScoreMean": 0.8286476609936902,
            "testScoreStd": 0.005120890747465444,
            "trainScoreMean": 0.8457875346467073,
            "trainScoreStd": 0.0021260940805797467,
            "time": 22632,
            "fitTimeMean": 4506.4,
            "fitTimeStd": 314.41030517462366,
            "scoreTimeMean": 20.0,
            "scoreTimeStd": 1.0954451150103321,
            "best_iteration": null,
            "parameters": {
                "alpha": 0.9,
                "criterion": "friedman_mse",
                "learning_rate": 0.1,
                "loss": "ls",
                "max_depth": 3,
                "min_samples_leaf": 1,
                "min_samples_split": 2,
                "n_estimators": 100,
                "validation_fraction": 0.1
            }
        },
        {
            "finishedAt": 1620379493767,
            "score": 0.8513922172864878,
            "testScoreGibMean": 0.8513922172864878,
            "testScoreMean": 0.8513922172864878,
            "testScoreStd": 0.0037369955072493635,
            "trainScoreMean": 0.8742825671386819,
            "trainScoreStd": 0.0018625593502865586,
            "time": 42286,
            "fitTimeMean": 8420.0,
            "fitTimeStd": 147.72000541565114,
            "scoreTimeMean": 37.2,
            "scoreTimeStd": 4.874423042781577,
            "best_iteration": null,
            "parameters": {
                "alpha": 0.9,
                "criterion": "friedman_mse",
                "learning_rate": 0.1,
                "loss": "ls",
                "max_depth": 3,
                "min_samples_leaf": 1,
                "min_samples_split": 2,
                "n_estimators": 200,
                "validation_fraction": 0.1
            }
        },
        {
            "finishedAt": 1620379511779,
            "score": 0.48536775114748937,
            "testScoreGibMean": 0.48536775114748937,
            "testScoreMean": 0.48536775114748937,
            "testScoreStd": 0.016605503041291977,
            "trainScoreMean": 0.49300930768940276,
            "trainScoreStd": 0.013033239923332742,
            "time": 68511,
            "fitTimeMean": 13642.2,
            "fitTimeStd": 2723.742968783949,
            "scoreTimeMean": 60.0,
            "scoreTimeStd": 27.320322106446696,
            "best_iteration": null,
            "parameters": {
                "alpha": 0.9,
                "criterion": "friedman_mse",
                "learning_rate": 0.1,
                "loss": "quantile",
                "max_depth": 3,
                "min_samples_leaf": 1,
                "min_samples_split": 2,
                "n_estimators": 200,
                "validation_fraction": 0.1
            }
        }
    ]
}