[
    {
        "test_score_gib": 0.46061537731100544,
        "train_score": 0.48380680784705676,
        "test_score": 0.46061537731100544,
        "num_samples": 3303,
        "fit_time": 4541,
        "score_time": 19,
        "time": 4560,
        "parameters": {
            "alpha": 0.9,
            "criterion": "friedman_mse",
            "learning_rate": 0.1,
            "loss": "quantile",
            "max_depth": 3,
            "min_samples_leaf": 1,
            "min_samples_split": 2,
            "n_estimators": 100,
            "validation_fraction": 0.1
        },
        "best_iteration": null,
        "done_at": 1620379471652,
        "split_id": 0
    },
    {
        "test_score_gib": 0.47230267546741833,
        "train_score": 0.4637682000706175,
        "test_score": 0.47230267546741833,
        "num_samples": 3303,
        "fit_time": 4497,
        "score_time": 20,
        "time": 4517,
        "parameters": {
            "alpha": 0.9,
            "criterion": "friedman_mse",
            "learning_rate": 0.1,
            "loss": "quantile",
            "max_depth": 3,
            "min_samples_leaf": 1,
            "min_samples_split": 2,
            "n_estimators": 100,
            "validation_fraction": 0.1
        },
        "best_iteration": null,
        "done_at": 1620379471610,
        "split_id": 1
    },
    {
        "test_score_gib": 0.47595408811591766,
        "train_score": 0.4869243654230334,
        "test_score": 0.47595408811591766,
        "num_samples": 3303,
        "fit_time": 4662,
        "score_time": 21,
        "time": 4683,
        "parameters": {
            "alpha": 0.9,
            "criterion": "friedman_mse",
            "learning_rate": 0.1,
            "loss": "quantile",
            "max_depth": 3,
            "min_samples_leaf": 1,
            "min_samples_split": 2,
            "n_estimators": 100,
            "validation_fraction": 0.1
        },
        "best_iteration": null,
        "done_at": 1620379471778,
        "split_id": 2
    },
    {
        "test_score_gib": 0.4605944554001543,
        "train_score": 0.47680260394003926,
        "test_score": 0.4605944554001543,
        "num_samples": 3303,
        "fit_time": 4684,
        "score_time": 91,
        "time": 4775,
        "parameters": {
            "alpha": 0.9,
            "criterion": "friedman_mse",
            "learning_rate": 0.1,
            "loss": "quantile",
            "max_depth": 3,
            "min_samples_leaf": 1,
            "min_samples_split": 2,
            "n_estimators": 100,
            "validation_fraction": 0.1
        },
        "best_iteration": null,
        "done_at": 1620379471874,
        "split_id": 3
    },
    {
        "test_score_gib": 0.45949252490671666,
        "train_score": 0.45749460198059555,
        "test_score": 0.45949252490671666,
        "num_samples": 3302,
        "fit_time": 5245,
        "score_time": 15,
        "time": 5260,
        "parameters": {
            "alpha": 0.9,
            "criterion": "friedman_mse",
            "learning_rate": 0.1,
            "loss": "quantile",
            "max_depth": 3,
            "min_samples_leaf": 1,
            "min_samples_split": 2,
            "n_estimators": 100,
            "validation_fraction": 0.1
        },
        "best_iteration": null,
        "done_at": 1620379476873,
        "split_id": 4
    },
    {
        "test_score_gib": 0.8248223889747365,
        "train_score": 0.8487615083770105,
        "test_score": 0.8248223889747365,
        "num_samples": 3303,
        "fit_time": 4858,
        "score_time": 19,
        "time": 4877,
        "parameters": {
            "alpha": 0.9,
            "criterion": "friedman_mse",
            "learning_rate": 0.1,
            "loss": "ls",
            "max_depth": 3,
            "min_samples_leaf": 1,
            "min_samples_split": 2,
            "n_estimators": 100,
            "validation_fraction": 0.1
        },
        "best_iteration": null,
        "done_at": 1620379476530,
        "split_id": 0
    },
    {
        "test_score_gib": 0.8375055362330608,
        "train_score": 0.843862404647535,
        "test_score": 0.8375055362330608,
        "num_samples": 3303,
        "fit_time": 4789,
        "score_time": 22,
        "time": 4811,
        "parameters": {
            "alpha": 0.9,
            "criterion": "friedman_mse",
            "learning_rate": 0.1,
            "loss": "ls",
            "max_depth": 3,
            "min_samples_leaf": 1,
            "min_samples_split": 2,
            "n_estimators": 100,
            "validation_fraction": 0.1
        },
        "best_iteration": null,
        "done_at": 1620379476598,
        "split_id": 1
    },
    {
        "test_score_gib": 0.8292720529939926,
        "train_score": 0.8477903520317318,
        "test_score": 0.8292720529939926,
        "num_samples": 3303,
        "fit_time": 4618,
        "score_time": 20,
        "time": 4638,
        "parameters": {
            "alpha": 0.9,
            "criterion": "friedman_mse",
            "learning_rate": 0.1,
            "loss": "ls",
            "max_depth": 3,
            "min_samples_leaf": 1,
            "min_samples_split": 2,
            "n_estimators": 100,
            "validation_fraction": 0.1
        },
        "best_iteration": null,
        "done_at": 1620379476528,
        "split_id": 2
    },
    {
        "test_score_gib": 0.8291064891093185,
        "train_score": 0.8434305527818898,
        "test_score": 0.8291064891093185,
        "num_samples": 3303,
        "fit_time": 4144,
        "score_time": 20,
        "time": 4164,
        "parameters": {
            "alpha": 0.9,
            "criterion": "friedman_mse",
            "learning_rate": 0.1,
            "loss": "ls",
            "max_depth": 3,
            "min_samples_leaf": 1,
            "min_samples_split": 2,
            "n_estimators": 100,
            "validation_fraction": 0.1
        },
        "best_iteration": null,
        "done_at": 1620379480694,
        "split_id": 3
    },
    {
        "test_score_gib": 0.8225299855000633,
        "train_score": 0.8450926450140086,
        "test_score": 0.8225299855000633,
        "num_samples": 3302,
        "fit_time": 4123,
        "score_time": 19,
        "time": 4142,
        "parameters": {
            "alpha": 0.9,
            "criterion": "friedman_mse",
            "learning_rate": 0.1,
            "loss": "ls",
            "max_depth": 3,
            "min_samples_leaf": 1,
            "min_samples_split": 2,
            "n_estimators": 100,
            "validation_fraction": 0.1
        },
        "best_iteration": null,
        "done_at": 1620379480675,
        "split_id": 4
    },
    {
        "test_score_gib": 0.848453532135116,
        "train_score": 0.8769117579198781,
        "test_score": 0.848453532135116,
        "num_samples": 3303,
        "fit_time": 8385,
        "score_time": 46,
        "time": 8431,
        "parameters": {
            "alpha": 0.9,
            "criterion": "friedman_mse",
            "learning_rate": 0.1,
            "loss": "ls",
            "max_depth": 3,
            "min_samples_leaf": 1,
            "min_samples_split": 2,
            "n_estimators": 200,
            "validation_fraction": 0.1
        },
        "best_iteration": null,
        "done_at": 1620379485032,
        "split_id": 0
    },
    {
        "test_score_gib": 0.856867849712975,
        "train_score": 0.8717841748411774,
        "test_score": 0.856867849712975,
        "num_samples": 3303,
        "fit_time": 8414,
        "score_time": 39,
        "time": 8453,
        "parameters": {
            "alpha": 0.9,
            "criterion": "friedman_mse",
            "learning_rate": 0.1,
            "loss": "ls",
            "max_depth": 3,
            "min_samples_leaf": 1,
            "min_samples_split": 2,
            "n_estimators": 200,
            "validation_fraction": 0.1
        },
        "best_iteration": null,
        "done_at": 1620379485328,
        "split_id": 1
    },
    {
        "test_score_gib": 0.851181791043395,
        "train_score": 0.8757939139902609,
        "test_score": 0.851181791043395,
        "num_samples": 3303,
        "fit_time": 8272,
        "score_time": 34,
        "time": 8306,
        "parameters": {
            "alpha": 0.9,
            "criterion": "friedman_mse",
            "learning_rate": 0.1,
            "loss": "ls",
            "max_depth": 3,
            "min_samples_leaf": 1,
            "min_samples_split": 2,
            "n_estimators": 200,
            "validation_fraction": 0.1
        },
        "best_iteration": null,
        "done_at": 1620379488982,
        "split_id": 2
    },
    {
        "test_score_gib": 0.8540002314046578,
        "train_score": 0.8729335445885242,
        "test_score": 0.8540002314046578,
        "num_samples": 3303,
        "fit_time": 8330,
        "score_time": 34,
        "time": 8364,
        "parameters": {
            "alpha": 0.9,
            "criterion": "friedman_mse",
            "learning_rate": 0.1,
            "loss": "ls",
            "max_depth": 3,
            "min_samples_leaf": 1,
            "min_samples_split": 2,
            "n_estimators": 200,
            "validation_fraction": 0.1
        },
        "best_iteration": null,
        "done_at": 1620379489062,
        "split_id": 3
    },
    {
        "test_score_gib": 0.846456187728315,
        "train_score": 0.8739893555822836,
        "test_score": 0.846456187728315,
        "num_samples": 3302,
        "fit_time": 8699,
        "score_time": 33,
        "time": 8732,
        "parameters": {
            "alpha": 0.9,
            "criterion": "friedman_mse",
            "learning_rate": 0.1,
            "loss": "ls",
            "max_depth": 3,
            "min_samples_leaf": 1,
            "min_samples_split": 2,
            "n_estimators": 200,
            "validation_fraction": 0.1
        },
        "best_iteration": null,
        "done_at": 1620379493767,
        "split_id": 4
    },
    {
        "test_score_gib": 0.47628827123148965,
        "train_score": 0.5009742530565371,
        "test_score": 0.47628827123148965,
        "num_samples": 3303,
        "fit_time": 9709,
        "score_time": 33,
        "time": 9742,
        "parameters": {
            "alpha": 0.9,
            "criterion": "friedman_mse",
            "learning_rate": 0.1,
            "loss": "quantile",
            "max_depth": 3,
            "min_samples_leaf": 1,
            "min_samples_split": 2,
            "n_estimators": 200,
            "validation_fraction": 0.1
        },
        "best_iteration": null,
        "done_at": 1620379495075,
        "split_id": 0
    },
    {
        "test_score_gib": 0.512629076569517,
        "train_score": 0.5014028904547725,
        "test_score": 0.512629076569517,
        "num_samples": 3303,
        "fit_time": 12431,
        "score_time": 97,
        "time": 12528,
        "parameters": {
            "alpha": 0.9,
            "criterion": "friedman_mse",
            "learning_rate": 0.1,
            "loss": "quantile",
            "max_depth": 3,
            "min_samples_leaf": 1,
            "min_samples_split": 2,
            "n_estimators": 200,
            "validation_fraction": 0.1
        },
        "best_iteration": null,
        "done_at": 1620379501512,
        "split_id": 1
    },
    {
        "test_score_gib": 0.49622585682009757,
        "train_score": 0.5065629123473869,
        "test_score": 0.49622585682009757,
        "num_samples": 3303,
        "fit_time": 12609,
        "score_time": 88,
        "time": 12697,
        "parameters": {
            "alpha": 0.9,
            "criterion": "friedman_mse",
            "learning_rate": 0.1,
            "loss": "quantile",
            "max_depth": 3,
            "min_samples_leaf": 1,
            "min_samples_split": 2,
            "n_estimators": 200,
            "validation_fraction": 0.1
        },
        "best_iteration": null,
        "done_at": 1620379501761,
        "split_id": 2
    },
    {
        "test_score_gib": 0.4682581415761865,
        "train_score": 0.4845407446767004,
        "test_score": 0.4682581415761865,
        "num_samples": 3303,
        "fit_time": 16794,
        "score_time": 49,
        "time": 16843,
        "parameters": {
            "alpha": 0.9,
            "criterion": "friedman_mse",
            "learning_rate": 0.1,
            "loss": "quantile",
            "max_depth": 3,
            "min_samples_leaf": 1,
            "min_samples_split": 2,
            "n_estimators": 200,
            "validation_fraction": 0.1
        },
        "best_iteration": null,
        "done_at": 1620379510612,
        "split_id": 3
    },
    {
        "test_score_gib": 0.4734337964748604,
        "train_score": 0.4715592437959969,
        "test_score": 0.4734337964748604,
        "num_samples": 3302,
        "fit_time": 16668,
        "score_time": 33,
        "time": 16701,
        "parameters": {
            "alpha": 0.9,
            "criterion": "friedman_mse",
            "learning_rate": 0.1,
            "loss": "quantile",
            "max_depth": 3,
            "min_samples_leaf": 1,
            "min_samples_split": 2,
            "n_estimators": 200,
            "validation_fraction": 0.1
        },
        "best_iteration": null,
        "done_at": 1620379511779,
        "split_id": 4
    }
]