{
    "modelInputNRows": 16514,
    "modelInputNCols": 8,
    "modelInputIsSparse": false,
    "modelInputMemory": 1056896,
    "usedGridSearch": true,
    "gridSize": 4,
    "gridBestScore": 0.8513922172864878,
    "gridCells": [
        {
            "params": {
                "alpha": 0.9,
                "criterion": "friedman_mse",
                "learning_rate": 0.1,
                "loss": "quantile",
                "max_depth": 3,
                "min_samples_leaf": 1,
                "min_samples_split": 2,
                "n_estimators": 100,
                "validation_fraction": 0.1
            },
            "score": 0.46579220569230345,
            "scoreStd": 0.006915991255060005,
            "fitTime": 4.7258000000000004,
            "fitTimeStd": 0.2690304072033495,
            "scoreTime": 0.0332,
            "scoreTimeStd": 0.02897171033957091
        },
        {
            "params": {
                "alpha": 0.9,
                "criterion": "friedman_mse",
                "learning_rate": 0.1,
                "loss": "ls",
                "max_depth": 3,
                "min_samples_leaf": 1,
                "min_samples_split": 2,
                "n_estimators": 100,
                "validation_fraction": 0.1
            },
            "score": 0.8286476609936902,
            "scoreStd": 0.005120890747465444,
            "fitTime": 4.506399999999999,
            "fitTimeStd": 0.31441030517462365,
            "scoreTime": 0.02,
            "scoreTimeStd": 0.0010954451150103322
        },
        {
            "params": {
                "alpha": 0.9,
                "criterion": "friedman_mse",
                "learning_rate": 0.1,
                "loss": "ls",
                "max_depth": 3,
                "min_samples_leaf": 1,
                "min_samples_split": 2,
                "n_estimators": 200,
                "validation_fraction": 0.1
            },
            "score": 0.8513922172864878,
            "scoreStd": 0.0037369955072493635,
            "fitTime": 8.42,
            "fitTimeStd": 0.14772000541565114,
            "scoreTime": 0.037200000000000004,
            "scoreTimeStd": 0.004874423042781577
        },
        {
            "params": {
                "alpha": 0.9,
                "criterion": "friedman_mse",
                "learning_rate": 0.1,
                "loss": "quantile",
                "max_depth": 3,
                "min_samples_leaf": 1,
                "min_samples_split": 2,
                "n_estimators": 200,
                "validation_fraction": 0.1
            },
            "score": 0.48536775114748937,
            "scoreStd": 0.016605503041291977,
            "fitTime": 13.6422,
            "fitTimeStd": 2.723742968783949,
            "scoreTime": 0.06,
            "scoreTimeStd": 0.027320322106446696
        }
    ],
    "rawImportance": {
        "variables": [
            "MedInc",
            "AveRooms",
            "AveOccup",
            "AveBedrms",
            "Population",
            "Latitude",
            "HouseAge",
            "Longitude"
        ],
        "importances": [
            0.5712205993166337,
            0.017611340291838307,
            0.1590762045984574,
            0.004378827455109541,
            0.005949085931566441,
            0.13165246788838147,
            0.019681649952800122,
            0.09042982456521308
        ]
    }
}