{
  "algorithm": "CUSTOM_PLUGIN",
  "plugin_python_grid": {
    "pluginId": "GradientBoostingRegressor",
    "pluginVersion": "0.0.1",
    "elementId": "GradientBoostingRegressor_regression",
    "name": "GradientBoostingRegressor",
    "params": {
      "loss": [
        "ls",
        "quantile"
      ],
      "learning_rate": [
        0.1
      ],
      "n_estimators": [
        100,
        200
      ],
      "criterion": [
        "friedman_mse"
      ],
      "min_samples_split": [
        2
      ],
      "min_samples_leaf": [
        1
      ],
      "max_depth": [
        3
      ],
      "random_state": 0,
      "alpha": [
        0.9
      ],
      "validation_fraction": [
        0.1
      ],
      "min_weight_fraction_leaf": [],
      "min_impurity_decrease": [],
      "min_impurity_split": [],
      "verbose": [],
      "max_leaf_nodes": [],
      "n_iter_no_change": []
    },
    "supportsSampleWeights": true,
    "acceptsSparseMatrix": false,
    "enabled": true
  },
  "max_ensemble_nodes_serialized": 0,
  "metrics": {
    "evaluationMetric": "R2",
    "customEvaluationMetricGIB": true,
    "customEvaluationMetricNeedsProba": false,
    "costMatrixWeights": {
      "tpGain": 1.0,
      "tnGain": 0.0,
      "fpGain": -0.3,
      "fnGain": 0.0
    },
    "liftPoint": 0.4
  },
  "autoOptimizeThreshold": true,
  "forcedClassifierThreshold": 0.0,
  "gridLength": 4,
  "grid_search_params": {
    "mode": "KFOLD",
    "splitRatio": 0.8,
    "shuffleIterations": 1,
    "nFolds": 5,
    "stratified": true,
    "strategy": "GRID",
    "bayesianOptimizer": "SCIKIT_OPTIMIZE",
    "randomized": true,
    "seed": 0,
    "nIter": 0,
    "nIterRandom": 3,
    "timeout": 0,
    "nJobs": 4,
    "distributed": false,
    "nContainers": 4
  },
  "pluginAlgoCustomGridSearch": false,
  "computeLearningCurves": false,
  "skipExpensiveReports": false
}