{
  "state": "DONE",
  "preSearchDescription": {
    "gridLength": 4,
    "searchStrategy": "GRID",
    "importantParams": [
      {
        "name": "loss",
        "vals": [
          "\"ls\"",
          "\"quantile\""
        ]
      },
      {
        "name": "learning_rate",
        "vals": [
          "0.1"
        ]
      },
      {
        "name": "n_estimators",
        "vals": [
          "100",
          "200"
        ]
      },
      {
        "name": "criterion",
        "vals": [
          "\"friedman_mse\""
        ]
      },
      {
        "name": "min_samples_split",
        "vals": [
          "2"
        ]
      },
      {
        "name": "min_samples_leaf",
        "vals": [
          "1"
        ]
      },
      {
        "name": "min_weight_fraction_leaf",
        "vals": []
      },
      {
        "name": "max_depth",
        "vals": [
          "3"
        ]
      },
      {
        "name": "min_impurity_decrease",
        "vals": []
      },
      {
        "name": "min_impurity_split",
        "vals": []
      },
      {
        "name": "alpha",
        "vals": [
          "0.9"
        ]
      },
      {
        "name": "verbose",
        "vals": []
      },
      {
        "name": "max_leaf_nodes",
        "vals": []
      },
      {
        "name": "validation_fraction",
        "vals": [
          "0.1"
        ]
      },
      {
        "name": "n_iter_no_change",
        "vals": []
      }
    ]
  },
  "postSearchDescription": {
    "importantParams": [
      {
        "name": "loss",
        "val": "\"ls\""
      },
      {
        "name": "learning_rate",
        "val": "0.1"
      },
      {
        "name": "n_estimators",
        "val": "200"
      },
      {
        "name": "criterion",
        "val": "\"friedman_mse\""
      },
      {
        "name": "min_samples_split",
        "val": "2"
      },
      {
        "name": "min_samples_leaf",
        "val": "1"
      },
      {
        "name": "min_weight_fraction_leaf",
        "val": "0.0"
      },
      {
        "name": "max_depth",
        "val": "3"
      },
      {
        "name": "min_impurity_decrease",
        "val": "0.0"
      },
      {
        "name": "min_impurity_split",
        "val": "null"
      },
      {
        "name": "alpha",
        "val": "0.9"
      },
      {
        "name": "verbose",
        "val": "0"
      },
      {
        "name": "max_leaf_nodes",
        "val": "null"
      },
      {
        "name": "validation_fraction",
        "val": "0.1"
      },
      {
        "name": "n_iter_no_change",
        "val": "null"
      }
    ]
  },
  "resumed": false,
  "timeOrderingEnabled": false,
  "sampleWeightsEnabled": false,
  "modelId": "m1",
  "progress": {
    "top_level_todo": [],
    "stack": [],
    "top_level_done": [
      {
        "name": "Loading train set",
        "time": 60
      },
      {
        "name": "Loading test set",
        "time": 18
      },
      {
        "name": "Collecting statistics",
        "time": 26
      },
      {
        "name": "Preprocessing train set",
        "time": 34
      },
      {
        "name": "Preprocessing test set",
        "time": 22
      },
      {
        "name": "Hyperparameter searching",
        "time": 45139
      },
      {
        "name": "Fitting model",
        "time": 7150
      },
      {
        "name": "Saving model",
        "time": 18
      },
      {
        "name": "Scoring model",
        "time": 88
      }
    ]
  },
  "startTime": 1620379466896,
  "endTime": 1620379519502,
  "preprocessingTime": 162,
  "trainingTime": 52444,
  "hyperparamsSearchTime": 45139
}