{
    "meta": {
        "label": "FistaClassifier",
        "description": "Estimator for learning linear classifiers by FISTA.",
        "icon": "icon-puzzle-piece"
    },
    "predictionTypes": [
        "BINARY_CLASSIFICATION",
        "MULTICLASS"
    ],
    "gridSearchMode": "MANAGED",
    "supportsSampleWeights": true,
    "acceptsSparseMatrix": false,
    "params": [
        {
            "name": "C",
            "label": "C",
            "description": "Weight of the loss term.",
            "defaultValue": [
                1.0
            ],
            "gridParam": true,
            "type": "DOUBLES"
        },
        {
            "name": "alpha",
            "label": "Alpha",
            "description": "Weight of the penalty term.",
            "defaultValue": [
                1.0
            ],
            "gridParam": true,
            "type": "DOUBLES"
        },
        {
            "name": "loss",
            "label": "Loss",
            "description": "The loss function to be used.",
            "defaultValue": [
                "squared_hinge"
            ],
            "type": "MULTISELECT",
            "gridParam": true,
            "selectChoices": [
                {
                    "value": "modified_huber",
                    "label": "modified_huber"
                },
                {
                    "value": "squared_hinge",
                    "label": "squared_hinge"
                },
                {
                    "value": "squared",
                    "label": "squared"
                },
                {
                    "value": "log",
                    "label": "log"
                }
            ]
        },
        {
            "name": "penalty",
            "label": "Penalty",
            "description": "The penalty or constraint to be used.  - l2: ridge - l1: lasso - l1/l2: group lasso - tv1d: 1-dimensional total variation (also known as fused lasso) - simplex: simplex constraint The method can also take an arbitrary Penalty object, i.e., an instance that implements methods projection regularization method (see file penalty.py)",
            "defaultValue": [
                "l1"
            ],
            "type": "MULTISELECT",
            "gridParam": true,
            "selectChoices": [
                {
                    "value": "l2",
                    "label": "l2"
                },
                {
                    "value": "l1",
                    "label": "l1"
                },
                {
                    "value": "l1/l2",
                    "label": "l1/l2"
                },
                {
                    "value": "tv1d",
                    "label": "tv1d"
                },
                {
                    "value": "simplex",
                    "label": "simplex"
                }
            ]
        },
        {
            "name": "multiclass",
            "label": "Multiclass",
            "description": "Whether to use a direct multiclass formulation (True) or one-vs-rest (False).",
            "defaultValue": ["False"],
            "type": "MULTISELECT",
            "gridParam": true,
            "selectChoices": [
                {
                    "value": "True",
                    "label": "True"
                },
                {
                    "value": "False",
                    "label": "False"
                }
            ]
        },
        {
            "name": "max_iter",
            "label": "Max Iter",
            "description": "Maximum number of iterations to perform.",
            "defaultValue": [
                100
            ],
            "gridParam": true,
            "type": "DOUBLES"
        },
        {
            "name": "max_steps",
            "label": "Max Steps",
            "description": "Maximum number of steps to use during the line search.",
            "defaultValue": [
                30
            ],
            "gridParam": true,
            "type": "DOUBLES"
        },
        {
            "name": "eta",
            "label": "Eta",
            "description": "Decrease factor for line-search procedure. For example, eta=2. will decrease the step size by a factor of 2 at each iteration of the line-search routine.",
            "defaultValue": [
                2.0
            ],
            "gridParam": true,
            "type": "DOUBLES"
        },
        {
            "name": "sigma",
            "label": "Sigma",
            "description": "Constant used in the line search sufficient decrease condition.",
            "defaultValue": [
                1e-05
            ],
            "gridParam": true,
            "type": "DOUBLES"
        }
    ]
}