{
  "state": "DONE",
  "preSearchDescription": {
    "gridLength": 1,
    "searchStrategy": "GRID",
    "importantParams": [
      {
        "name": "base_estimator",
        "vals": []
      },
      {
        "name": "n_estimators",
        "vals": [
          "50"
        ]
      },
      {
        "name": "learning_rate",
        "vals": [
          "1"
        ]
      },
      {
        "name": "algorithm",
        "vals": [
          "\"SAMME.R\""
        ]
      }
    ]
  },
  "postSearchDescription": {
    "importantParams": [
      {
        "name": "base_estimator",
        "val": "null"
      },
      {
        "name": "n_estimators",
        "val": "50"
      },
      {
        "name": "learning_rate",
        "val": "1"
      },
      {
        "name": "algorithm",
        "val": "\"SAMME.R\""
      }
    ]
  },
  "resumed": false,
  "timeOrderingEnabled": false,
  "sampleWeightsEnabled": false,
  "modelId": "m1",
  "progress": {
    "top_level_todo": [],
    "stack": [],
    "top_level_done": [
      {
        "name": "Loading train set",
        "time": 1521
      },
      {
        "name": "Loading test set",
        "time": 492
      },
      {
        "name": "Collecting statistics",
        "time": 157
      },
      {
        "name": "Preprocessing train set",
        "time": 224
      },
      {
        "name": "Preprocessing test set",
        "time": 132
      },
      {
        "name": "Fitting model",
        "time": 4373
      },
      {
        "name": "Saving model",
        "time": 30
      },
      {
        "name": "Scoring model",
        "time": 1356
      }
    ]
  },
  "startTime": 1620375603971,
  "endTime": 1620375613688,
  "preprocessingTime": 2533,
  "trainingTime": 7184,
  "hyperparamsSearchTime": 0
}