{
    "per_feature": {
        "MedInc": {
            "stats": {
                "min": 0.4999,
                "average": 3.786959385975536,
                "median": 3.3906,
                "max": 15.0001,
                "p99": 10.873791999999948,
                "std": 1.953497459339589
            },
            "missing_impute_with_value": 3.786959385975536
        },
        "AveRooms": {
            "stats": {
                "min": 0.8461538461538461,
                "average": 5.22697036774911,
                "median": 5.0483330155097885,
                "max": 141.9090909090909,
                "p99": 8.975294543698695,
                "std": 2.822143953734588
            },
            "missing_impute_with_value": 5.22697036774911
        },
        "AveOccup": {
            "stats": {
                "min": 0.75,
                "average": 3.0762459675318143,
                "median": 2.849226499763817,
                "max": 599.7142857142857,
                "p99": 5.4289276807980045,
                "std": 6.69935898726111
            },
            "missing_impute_with_value": 3.0762459675318143
        },
        "AveBedrms": {
            "stats": {
                "min": 0.5,
                "average": 1.0891414893973073,
                "median": 1.0493273542600896,
                "max": 34.06666666666667,
                "p99": 1.75,
                "std": 0.5631012869257426
            },
            "missing_impute_with_value": 1.0891414893973073
        },
        "Population": {
            "stats": {
                "min": 3.0,
                "average": 1396.6373380162286,
                "median": 1139.0,
                "max": 28566.0,
                "p99": 5345.879999999976,
                "std": 1077.9637536750058
            },
            "missing_impute_with_value": 1396.6373380162286
        },
        "Latitude": {
            "stats": {
                "min": 32.67,
                "average": 35.37070970085988,
                "median": 34.14,
                "max": 41.95,
                "p99": 40.77,
                "std": 1.953962421452927
            },
            "missing_impute_with_value": 35.37070970085988
        },
        "HouseAge": {
            "stats": {
                "min": 1.0,
                "average": 31.442654717209642,
                "median": 33.0,
                "max": 52.0,
                "p99": 52.0,
                "std": 11.959352507445178
            },
            "missing_impute_with_value": 31.442654717209642
        },
        "Longitude": {
            "stats": {
                "min": -124.35,
                "average": -119.34175245246459,
                "median": -118.37,
                "max": -114.55,
                "p99": -115.9,
                "std": 1.7791764044790646
            },
            "missing_impute_with_value": -119.34175245246459
        },
        "target": {
            "stats": {}
        }
    },
    "feature_order": [
        "MedInc",
        "AveRooms",
        "AveOccup",
        "AveBedrms",
        "Population",
        "Latitude",
        "HouseAge",
        "Longitude",
        "target"
    ]
}