{
    "startedAt": 1620372604322,
    "gridSize": 18,
    "nThreads": 4,
    "nSplits": 5,
    "metric": "R2",
    "timeout": null,
    "gridPoints": [
        {
            "finishedAt": 1620372629742,
            "score": 0.5606972485397762,
            "testScoreGibMean": 0.5606972485397762,
            "testScoreMean": 0.5606972485397762,
            "testScoreStd": 0.009342566370507613,
            "trainScoreMean": 0.5675828388530986,
            "trainScoreStd": 0.009953373403909088,
            "time": 27874,
            "fitTimeMean": 5281.4,
            "fitTimeStd": 548.8725170747758,
            "scoreTimeMean": 293.4,
            "scoreTimeStd": 42.249733726971584,
            "best_iteration": null,
            "parameters": {
                "learning_rate": 0.5,
                "loss": "exponential",
                "n_estimators": 50
            }
        },
        {
            "finishedAt": 1620372633657,
            "score": 0.5696436981950289,
            "testScoreGibMean": 0.5696436981950289,
            "testScoreMean": 0.5696436981950289,
            "testScoreStd": 0.029862817064427182,
            "trainScoreMean": 0.577505536141256,
            "trainScoreStd": 0.031074401256758675,
            "time": 14813,
            "fitTimeMean": 2795.8,
            "fitTimeStd": 703.9001065492178,
            "scoreTimeMean": 166.8,
            "scoreTimeStd": 21.55365398256175,
            "best_iteration": null,
            "parameters": {
                "learning_rate": 1,
                "loss": "linear",
                "n_estimators": 50
            }
        },
        {
            "finishedAt": 1620372637108,
            "score": 0.11613166135558944,
            "testScoreGibMean": 0.11613166135558944,
            "testScoreMean": 0.11613166135558944,
            "testScoreStd": 0.06357794323161088,
            "trainScoreMean": 0.12256263944761839,
            "trainScoreStd": 0.04626631494372996,
            "time": 76059,
            "fitTimeMean": 13863.8,
            "fitTimeStd": 1663.4354090255504,
            "scoreTimeMean": 1348.0,
            "scoreTimeStd": 105.76388797694608,
            "best_iteration": null,
            "parameters": {
                "learning_rate": 0.5,
                "loss": "exponential",
                "n_estimators": 200
            }
        },
        {
            "finishedAt": 1620372647475,
            "score": 0.5696436981950289,
            "testScoreGibMean": 0.5696436981950289,
            "testScoreMean": 0.5696436981950289,
            "testScoreStd": 0.029862817064427182,
            "trainScoreMean": 0.577505536141256,
            "trainScoreStd": 0.031074401256758675,
            "time": 8980,
            "fitTimeMean": 1699.8,
            "fitTimeStd": 236.71535649382784,
            "scoreTimeMean": 96.2,
            "scoreTimeStd": 30.367087446773688,
            "best_iteration": null,
            "parameters": {
                "learning_rate": 1,
                "loss": "linear",
                "n_estimators": 200
            }
        },
        {
            "finishedAt": 1620372650285,
            "score": 0.6575705719835203,
            "testScoreGibMean": 0.6575705719835203,
            "testScoreMean": 0.6575705719835203,
            "testScoreStd": 0.0031461983774935293,
            "trainScoreMean": 0.665787075998356,
            "trainScoreStd": 0.0042966686932423915,
            "time": 46037,
            "fitTimeMean": 8754.2,
            "fitTimeStd": 985.3363689623965,
            "scoreTimeMean": 453.2,
            "scoreTimeStd": 61.061935770167004,
            "best_iteration": null,
            "parameters": {
                "learning_rate": 0.1,
                "loss": "exponential",
                "n_estimators": 100
            }
        },
        {
            "finishedAt": 1620372653758,
            "score": 0.6623310691912967,
            "testScoreGibMean": 0.6623310691912967,
            "testScoreMean": 0.6623310691912967,
            "testScoreStd": 0.0069512778701206505,
            "trainScoreMean": 0.6701942115999905,
            "trainScoreStd": 0.003653773821977292,
            "time": 18117,
            "fitTimeMean": 3439.8,
            "fitTimeStd": 177.60225223797136,
            "scoreTimeMean": 183.6,
            "scoreTimeStd": 17.522556891047607,
            "best_iteration": null,
            "parameters": {
                "learning_rate": 0.1,
                "loss": "exponential",
                "n_estimators": 50
            }
        },
        {
            "finishedAt": 1620372661657,
            "score": 0.3472733878981438,
            "testScoreGibMean": 0.3472733878981438,
            "testScoreMean": 0.3472733878981438,
            "testScoreStd": 0.03859295171932863,
            "trainScoreMean": 0.35583496019020106,
            "trainScoreStd": 0.03158278636757165,
            "time": 26097,
            "fitTimeMean": 4826.4,
            "fitTimeStd": 132.5935141701886,
            "scoreTimeMean": 393.0,
            "scoreTimeStd": 61.657116377592615,
            "best_iteration": null,
            "parameters": {
                "learning_rate": 0.5,
                "loss": "exponential",
                "n_estimators": 100
            }
        },
        {
            "finishedAt": 1620372665491,
            "score": 0.3537048739451189,
            "testScoreGibMean": 0.3537048739451189,
            "testScoreMean": 0.3537048739451189,
            "testScoreStd": 0.03850503490212869,
            "trainScoreMean": 0.360392066875096,
            "trainScoreStd": 0.03434571303357007,
            "time": 15437,
            "fitTimeMean": 2805.2,
            "fitTimeStd": 459.2430293428524,
            "scoreTimeMean": 282.2,
            "scoreTimeStd": 102.4722401433676,
            "best_iteration": null,
            "parameters": {
                "learning_rate": 1,
                "loss": "exponential",
                "n_estimators": 50
            }
        },
        {
            "finishedAt": 1620372682159,
            "score": 0.011757419111580611,
            "testScoreGibMean": 0.011757419111580611,
            "testScoreMean": 0.011757419111580611,
            "testScoreStd": 0.053906882549474955,
            "trainScoreMean": 0.017064932230324254,
            "trainScoreStd": 0.03809449124684544,
            "time": 51870,
            "fitTimeMean": 9432.0,
            "fitTimeStd": 743.1384796927151,
            "scoreTimeMean": 942.0,
            "scoreTimeStd": 151.225659198431,
            "best_iteration": null,
            "parameters": {
                "learning_rate": 1,
                "loss": "exponential",
                "n_estimators": 200
            }
        },
        {
            "finishedAt": 1620372697937,
            "score": 0.6002072571798972,
            "testScoreGibMean": 0.6002072571798972,
            "testScoreMean": 0.6002072571798972,
            "testScoreStd": 0.0063052398081626625,
            "trainScoreMean": 0.607772645316621,
            "trainScoreStd": 0.006882803877018228,
            "time": 64684,
            "fitTimeMean": 12073.4,
            "fitTimeStd": 1010.0260590697648,
            "scoreTimeMean": 863.4,
            "scoreTimeStd": 122.33985450375525,
            "best_iteration": null,
            "parameters": {
                "learning_rate": 0.1,
                "loss": "exponential",
                "n_estimators": 200
            }
        },
        {
            "finishedAt": 1620372707664,
            "score": 0.6018419034425645,
            "testScoreGibMean": 0.6018419034425645,
            "testScoreMean": 0.6018419034425645,
            "testScoreStd": 0.01759088811015036,
            "trainScoreMean": 0.6081784534765641,
            "trainScoreStd": 0.015504688420856306,
            "time": 11851,
            "fitTimeMean": 2256.0,
            "fitTimeStd": 646.8956639211613,
            "scoreTimeMean": 114.2,
            "scoreTimeStd": 27.59275267167087,
            "best_iteration": null,
            "parameters": {
                "learning_rate": 0.5,
                "loss": "linear",
                "n_estimators": 50
            }
        },
        {
            "finishedAt": 1620372708125,
            "score": 0.6179840865301054,
            "testScoreGibMean": 0.6179840865301054,
            "testScoreMean": 0.6179840865301054,
            "testScoreStd": 0.012233070200644855,
            "trainScoreMean": 0.6255433508298115,
            "trainScoreStd": 0.01023145585371069,
            "time": 49638,
            "fitTimeMean": 9349.8,
            "fitTimeStd": 1160.5942271095441,
            "scoreTimeMean": 577.8,
            "scoreTimeStd": 89.02224441115827,
            "best_iteration": null,
            "parameters": {
                "learning_rate": 0.1,
                "loss": "linear",
                "n_estimators": 200
            }
        },
        {
            "finishedAt": 1620372710554,
            "score": 0.5977564435104263,
            "testScoreGibMean": 0.5977564435104263,
            "testScoreMean": 0.5977564435104263,
            "testScoreStd": 0.02209130884403244,
            "trainScoreMean": 0.6036821975788778,
            "trainScoreStd": 0.021831383810985993,
            "time": 9232,
            "fitTimeMean": 1721.8,
            "fitTimeStd": 368.37665506923753,
            "scoreTimeMean": 124.6,
            "scoreTimeStd": 32.8548322168901,
            "best_iteration": null,
            "parameters": {
                "learning_rate": 0.5,
                "loss": "linear",
                "n_estimators": 100
            }
        },
        {
            "finishedAt": 1620372713437,
            "score": 0.5977564435104263,
            "testScoreGibMean": 0.5977564435104263,
            "testScoreMean": 0.5977564435104263,
            "testScoreStd": 0.02209130884403244,
            "trainScoreMean": 0.6036821975788778,
            "trainScoreStd": 0.021831383810985993,
            "time": 11069,
            "fitTimeMean": 2082.2,
            "fitTimeStd": 493.4338456166135,
            "scoreTimeMean": 131.6,
            "scoreTimeStd": 41.69220550654523,
            "best_iteration": null,
            "parameters": {
                "learning_rate": 0.5,
                "loss": "linear",
                "n_estimators": 200
            }
        },
        {
            "finishedAt": 1620372718958,
            "score": 0.5696436981950289,
            "testScoreGibMean": 0.5696436981950289,
            "testScoreMean": 0.5696436981950289,
            "testScoreStd": 0.029862817064427182,
            "trainScoreMean": 0.577505536141256,
            "trainScoreStd": 0.031074401256758675,
            "time": 6408,
            "fitTimeMean": 1200.0,
            "fitTimeStd": 151.34463981258142,
            "scoreTimeMean": 81.6,
            "scoreTimeStd": 26.96367927416435,
            "best_iteration": null,
            "parameters": {
                "learning_rate": 1,
                "loss": "linear",
                "n_estimators": 100
            }
        },
        {
            "finishedAt": 1620372719623,
            "score": 0.13789823859687667,
            "testScoreGibMean": 0.13789823859687667,
            "testScoreMean": 0.13789823859687667,
            "testScoreStd": 0.0523601849753591,
            "trainScoreMean": 0.14498597098586644,
            "trainScoreStd": 0.03881056629144427,
            "time": 19620,
            "fitTimeMean": 3550.4,
            "fitTimeStd": 195.309600378476,
            "scoreTimeMean": 373.6,
            "scoreTimeStd": 60.86903974928469,
            "best_iteration": null,
            "parameters": {
                "learning_rate": 1,
                "loss": "exponential",
                "n_estimators": 100
            }
        },
        {
            "finishedAt": 1620372727007,
            "score": 0.6497818678796334,
            "testScoreGibMean": 0.6497818678796334,
            "testScoreMean": 0.6497818678796334,
            "testScoreStd": 0.001308364275550077,
            "trainScoreMean": 0.6577555859275146,
            "trainScoreStd": 0.0035629184337352925,
            "time": 22228,
            "fitTimeMean": 4158.0,
            "fitTimeStd": 102.11562074433078,
            "scoreTimeMean": 287.6,
            "scoreTimeStd": 10.650821564555477,
            "best_iteration": null,
            "parameters": {
                "learning_rate": 0.1,
                "loss": "linear",
                "n_estimators": 100
            }
        },
        {
            "finishedAt": 1620372728003,
            "score": 0.6564626944785655,
            "testScoreGibMean": 0.6564626944785655,
            "testScoreMean": 0.6564626944785655,
            "testScoreStd": 0.008917658065733811,
            "trainScoreMean": 0.6643192645807422,
            "trainScoreStd": 0.004937714260728547,
            "time": 11525,
            "fitTimeMean": 2172.4,
            "fitTimeStd": 74.67690406009076,
            "scoreTimeMean": 132.6,
            "scoreTimeStd": 43.435469376996494,
            "best_iteration": null,
            "parameters": {
                "learning_rate": 0.1,
                "loss": "linear",
                "n_estimators": 50
            }
        }
    ]
}