[
    {
        "test_score_gib": 0.5744877664848932,
        "train_score": 0.5774109018793416,
        "test_score": 0.5744877664848932,
        "num_samples": 3303,
        "fit_time": 5759,
        "score_time": 249,
        "time": 6008,
        "parameters": {
            "learning_rate": 0.5,
            "loss": "exponential",
            "n_estimators": 50
        },
        "best_iteration": null,
        "done_at": 1620372624574,
        "split_id": 0
    },
    {
        "test_score_gib": 0.5464404372152495,
        "train_score": 0.551889279579189,
        "test_score": 0.5464404372152495,
        "num_samples": 3303,
        "fit_time": 5710,
        "score_time": 276,
        "time": 5986,
        "parameters": {
            "learning_rate": 0.5,
            "loss": "exponential",
            "n_estimators": 50
        },
        "best_iteration": null,
        "done_at": 1620372624802,
        "split_id": 1
    },
    {
        "test_score_gib": 0.5657899543896305,
        "train_score": 0.5791411364551804,
        "test_score": 0.5657899543896305,
        "num_samples": 3303,
        "fit_time": 5719,
        "score_time": 259,
        "time": 5978,
        "parameters": {
            "learning_rate": 0.5,
            "loss": "exponential",
            "n_estimators": 50
        },
        "best_iteration": null,
        "done_at": 1620372624910,
        "split_id": 2
    },
    {
        "test_score_gib": 0.5601607931412831,
        "train_score": 0.5658845936017058,
        "test_score": 0.5601607931412831,
        "num_samples": 3303,
        "fit_time": 4602,
        "score_time": 362,
        "time": 4964,
        "parameters": {
            "learning_rate": 0.5,
            "loss": "exponential",
            "n_estimators": 50
        },
        "best_iteration": null,
        "done_at": 1620372629574,
        "split_id": 3
    },
    {
        "test_score_gib": 0.5566060528375785,
        "train_score": 0.5635870730117046,
        "test_score": 0.5566060528375785,
        "num_samples": 3302,
        "fit_time": 4617,
        "score_time": 321,
        "time": 4938,
        "parameters": {
            "learning_rate": 0.5,
            "loss": "exponential",
            "n_estimators": 50
        },
        "best_iteration": null,
        "done_at": 1620372629742,
        "split_id": 4
    },
    {
        "test_score_gib": 0.6149371099974069,
        "train_score": 0.6257468734964637,
        "test_score": 0.6149371099974069,
        "num_samples": 3303,
        "fit_time": 1804,
        "score_time": 132,
        "time": 1936,
        "parameters": {
            "learning_rate": 1,
            "loss": "linear",
            "n_estimators": 50
        },
        "best_iteration": null,
        "done_at": 1620372626848,
        "split_id": 0
    },
    {
        "test_score_gib": 0.5475374277922823,
        "train_score": 0.5567399293478341,
        "test_score": 0.5475374277922823,
        "num_samples": 3303,
        "fit_time": 2706,
        "score_time": 175,
        "time": 2881,
        "parameters": {
            "learning_rate": 1,
            "loss": "linear",
            "n_estimators": 50
        },
        "best_iteration": null,
        "done_at": 1620372629730,
        "split_id": 1
    },
    {
        "test_score_gib": 0.5826225305340816,
        "train_score": 0.5965981780105002,
        "test_score": 0.5826225305340816,
        "num_samples": 3303,
        "fit_time": 2320,
        "score_time": 170,
        "time": 2490,
        "parameters": {
            "learning_rate": 1,
            "loss": "linear",
            "n_estimators": 50
        },
        "best_iteration": null,
        "done_at": 1620372632067,
        "split_id": 2
    },
    {
        "test_score_gib": 0.5281508697254635,
        "train_score": 0.5366071894166855,
        "test_score": 0.5281508697254635,
        "num_samples": 3303,
        "fit_time": 3727,
        "score_time": 198,
        "time": 3925,
        "parameters": {
            "learning_rate": 1,
            "loss": "linear",
            "n_estimators": 50
        },
        "best_iteration": null,
        "done_at": 1620372633657,
        "split_id": 3
    },
    {
        "test_score_gib": 0.5749721661466036,
        "train_score": 0.5718337932858849,
        "test_score": 0.5749721661466036,
        "num_samples": 3302,
        "fit_time": 3422,
        "score_time": 159,
        "time": 3581,
        "parameters": {
            "learning_rate": 1,
            "loss": "linear",
            "n_estimators": 50
        },
        "best_iteration": null,
        "done_at": 1620372633327,
        "split_id": 4
    },
    {
        "test_score_gib": 0.18969650857249365,
        "train_score": 0.16050613514524348,
        "test_score": 0.18969650857249365,
        "num_samples": 3303,
        "fit_time": 12939,
        "score_time": 1293,
        "time": 14232,
        "parameters": {
            "learning_rate": 0.5,
            "loss": "exponential",
            "n_estimators": 200
        },
        "best_iteration": null,
        "done_at": 1620372618557,
        "split_id": 0
    },
    {
        "test_score_gib": 0.19753523984440502,
        "train_score": 0.19031294521653042,
        "test_score": 0.19753523984440502,
        "num_samples": 3303,
        "fit_time": 12708,
        "score_time": 1344,
        "time": 14052,
        "parameters": {
            "learning_rate": 0.5,
            "loss": "exponential",
            "n_estimators": 200
        },
        "best_iteration": null,
        "done_at": 1620372618378,
        "split_id": 1
    },
    {
        "test_score_gib": 0.07475784777919348,
        "train_score": 0.11172629026488545,
        "test_score": 0.07475784777919348,
        "num_samples": 3303,
        "fit_time": 13230,
        "score_time": 1256,
        "time": 14486,
        "parameters": {
            "learning_rate": 0.5,
            "loss": "exponential",
            "n_estimators": 200
        },
        "best_iteration": null,
        "done_at": 1620372618815,
        "split_id": 2
    },
    {
        "test_score_gib": 0.061140004382548185,
        "train_score": 0.0698677158607538,
        "test_score": 0.061140004382548185,
        "num_samples": 3303,
        "fit_time": 13277,
        "score_time": 1295,
        "time": 14572,
        "parameters": {
            "learning_rate": 0.5,
            "loss": "exponential",
            "n_estimators": 200
        },
        "best_iteration": null,
        "done_at": 1620372618905,
        "split_id": 3
    },
    {
        "test_score_gib": 0.05751095848423837,
        "train_score": 0.08038734196548891,
        "test_score": 0.05751095848423837,
        "num_samples": 3302,
        "fit_time": 17165,
        "score_time": 1552,
        "time": 18717,
        "parameters": {
            "learning_rate": 0.5,
            "loss": "exponential",
            "n_estimators": 200
        },
        "best_iteration": null,
        "done_at": 1620372637108,
        "split_id": 4
    },
    {
        "test_score_gib": 0.6149371099974069,
        "train_score": 0.6257468734964637,
        "test_score": 0.6149371099974069,
        "num_samples": 3303,
        "fit_time": 1469,
        "score_time": 93,
        "time": 1562,
        "parameters": {
            "learning_rate": 1,
            "loss": "linear",
            "n_estimators": 200
        },
        "best_iteration": null,
        "done_at": 1620372644747,
        "split_id": 0
    },
    {
        "test_score_gib": 0.5475374277922823,
        "train_score": 0.5567399293478341,
        "test_score": 0.5475374277922823,
        "num_samples": 3303,
        "fit_time": 1767,
        "score_time": 124,
        "time": 1891,
        "parameters": {
            "learning_rate": 1,
            "loss": "linear",
            "n_estimators": 200
        },
        "best_iteration": null,
        "done_at": 1620372645281,
        "split_id": 1
    },
    {
        "test_score_gib": 0.5826225305340816,
        "train_score": 0.5965981780105002,
        "test_score": 0.5826225305340816,
        "num_samples": 3303,
        "fit_time": 1416,
        "score_time": 41,
        "time": 1457,
        "parameters": {
            "learning_rate": 1,
            "loss": "linear",
            "n_estimators": 200
        },
        "best_iteration": null,
        "done_at": 1620372646207,
        "split_id": 2
    },
    {
        "test_score_gib": 0.5281508697254635,
        "train_score": 0.5366071894166855,
        "test_score": 0.5281508697254635,
        "num_samples": 3303,
        "fit_time": 2068,
        "score_time": 124,
        "time": 2192,
        "parameters": {
            "learning_rate": 1,
            "loss": "linear",
            "n_estimators": 200
        },
        "best_iteration": null,
        "done_at": 1620372647475,
        "split_id": 3
    },
    {
        "test_score_gib": 0.5749721661466036,
        "train_score": 0.5718337932858849,
        "test_score": 0.5749721661466036,
        "num_samples": 3302,
        "fit_time": 1779,
        "score_time": 99,
        "time": 1878,
        "parameters": {
            "learning_rate": 1,
            "loss": "linear",
            "n_estimators": 200
        },
        "best_iteration": null,
        "done_at": 1620372647268,
        "split_id": 4
    },
    {
        "test_score_gib": 0.6565373170844202,
        "train_score": 0.6714847288960978,
        "test_score": 0.6565373170844202,
        "num_samples": 3303,
        "fit_time": 10024,
        "score_time": 398,
        "time": 10422,
        "parameters": {
            "learning_rate": 0.1,
            "loss": "exponential",
            "n_estimators": 100
        },
        "best_iteration": null,
        "done_at": 1620372642496,
        "split_id": 0
    },
    {
        "test_score_gib": 0.6631128302619038,
        "train_score": 0.6653602241397617,
        "test_score": 0.6631128302619038,
        "num_samples": 3303,
        "fit_time": 9327,
        "score_time": 520,
        "time": 9847,
        "parameters": {
            "learning_rate": 0.1,
            "loss": "exponential",
            "n_estimators": 100
        },
        "best_iteration": null,
        "done_at": 1620372643181,
        "split_id": 1
    },
    {
        "test_score_gib": 0.6583989511482682,
        "train_score": 0.6698259733855085,
        "test_score": 0.6583989511482682,
        "num_samples": 3303,
        "fit_time": 9209,
        "score_time": 506,
        "time": 9715,
        "parameters": {
            "learning_rate": 0.1,
            "loss": "exponential",
            "n_estimators": 100
        },
        "best_iteration": null,
        "done_at": 1620372643377,
        "split_id": 2
    },
    {
        "test_score_gib": 0.6560789670390377,
        "train_score": 0.6611062900381891,
        "test_score": 0.6560789670390377,
        "num_samples": 3303,
        "fit_time": 7790,
        "score_time": 477,
        "time": 8267,
        "parameters": {
            "learning_rate": 0.1,
            "loss": "exponential",
            "n_estimators": 100
        },
        "best_iteration": null,
        "done_at": 1620372645386,
        "split_id": 3
    },
    {
        "test_score_gib": 0.6537236297026883,
        "train_score": 0.6611567616810816,
        "test_score": 0.6537236297026883,
        "num_samples": 3302,
        "fit_time": 7421,
        "score_time": 365,
        "time": 7786,
        "parameters": {
            "learning_rate": 0.1,
            "loss": "exponential",
            "n_estimators": 100
        },
        "best_iteration": null,
        "done_at": 1620372650285,
        "split_id": 4
    },
    {
        "test_score_gib": 0.650187592055417,
        "train_score": 0.6667161933452539,
        "test_score": 0.650187592055417,
        "num_samples": 3303,
        "fit_time": 3740,
        "score_time": 205,
        "time": 3945,
        "parameters": {
            "learning_rate": 0.1,
            "loss": "exponential",
            "n_estimators": 50
        },
        "best_iteration": null,
        "done_at": 1620372650153,
        "split_id": 0
    },
    {
        "test_score_gib": 0.6686923788050134,
        "train_score": 0.6702838325879594,
        "test_score": 0.6686923788050134,
        "num_samples": 3303,
        "fit_time": 3442,
        "score_time": 205,
        "time": 3647,
        "parameters": {
            "learning_rate": 0.1,
            "loss": "exponential",
            "n_estimators": 50
        },
        "best_iteration": null,
        "done_at": 1620372650917,
        "split_id": 1
    },
    {
        "test_score_gib": 0.6676163091502738,
        "train_score": 0.6771194576317291,
        "test_score": 0.6676163091502738,
        "num_samples": 3303,
        "fit_time": 3491,
        "score_time": 171,
        "time": 3662,
        "parameters": {
            "learning_rate": 0.1,
            "loss": "exponential",
            "n_estimators": 50
        },
        "best_iteration": null,
        "done_at": 1620372651144,
        "split_id": 2
    },
    {
        "test_score_gib": 0.6661569487952681,
        "train_score": 0.6679634928484528,
        "test_score": 0.6661569487952681,
        "num_samples": 3303,
        "fit_time": 3228,
        "score_time": 170,
        "time": 3398,
        "parameters": {
            "learning_rate": 0.1,
            "loss": "exponential",
            "n_estimators": 50
        },
        "best_iteration": null,
        "done_at": 1620372653553,
        "split_id": 3
    },
    {
        "test_score_gib": 0.6590011089881733,
        "train_score": 0.6688876860293149,
        "test_score": 0.6590011089881733,
        "num_samples": 3302,
        "fit_time": 3298,
        "score_time": 167,
        "time": 3465,
        "parameters": {
            "learning_rate": 0.1,
            "loss": "exponential",
            "n_estimators": 50
        },
        "best_iteration": null,
        "done_at": 1620372653758,
        "split_id": 4
    },
    {
        "test_score_gib": 0.4019248014717983,
        "train_score": 0.3910625185906933,
        "test_score": 0.4019248014717983,
        "num_samples": 3303,
        "fit_time": 4762,
        "score_time": 360,
        "time": 5122,
        "parameters": {
            "learning_rate": 0.5,
            "loss": "exponential",
            "n_estimators": 100
        },
        "best_iteration": null,
        "done_at": 1620372656042,
        "split_id": 0
    },
    {
        "test_score_gib": 0.37140512062191966,
        "train_score": 0.3689385184454129,
        "test_score": 0.37140512062191966,
        "num_samples": 3303,
        "fit_time": 4804,
        "score_time": 378,
        "time": 5182,
        "parameters": {
            "learning_rate": 0.5,
            "loss": "exponential",
            "n_estimators": 100
        },
        "best_iteration": null,
        "done_at": 1620372656327,
        "split_id": 1
    },
    {
        "test_score_gib": 0.35183012695650917,
        "train_score": 0.38067359363008824,
        "test_score": 0.35183012695650917,
        "num_samples": 3303,
        "fit_time": 4769,
        "score_time": 350,
        "time": 5119,
        "parameters": {
            "learning_rate": 0.5,
            "loss": "exponential",
            "n_estimators": 100
        },
        "best_iteration": null,
        "done_at": 1620372658673,
        "split_id": 2
    },
    {
        "test_score_gib": 0.3194426266826794,
        "train_score": 0.33107806436103826,
        "test_score": 0.3194426266826794,
        "num_samples": 3303,
        "fit_time": 4712,
        "score_time": 362,
        "time": 5074,
        "parameters": {
            "learning_rate": 0.5,
            "loss": "exponential",
            "n_estimators": 100
        },
        "best_iteration": null,
        "done_at": 1620372658839,
        "split_id": 3
    },
    {
        "test_score_gib": 0.29174745299944194,
        "train_score": 0.30740744424773814,
        "test_score": 0.29174745299944194,
        "num_samples": 3302,
        "fit_time": 5085,
        "score_time": 515,
        "time": 5600,
        "parameters": {
            "learning_rate": 0.5,
            "loss": "exponential",
            "n_estimators": 100
        },
        "best_iteration": null,
        "done_at": 1620372661657,
        "split_id": 4
    },
    {
        "test_score_gib": 0.4089174245206454,
        "train_score": 0.40101064139442477,
        "test_score": 0.4089174245206454,
        "num_samples": 3303,
        "fit_time": 2555,
        "score_time": 178,
        "time": 2733,
        "parameters": {
            "learning_rate": 1,
            "loss": "exponential",
            "n_estimators": 50
        },
        "best_iteration": null,
        "done_at": 1620372659067,
        "split_id": 0
    },
    {
        "test_score_gib": 0.37202239695484773,
        "train_score": 0.36574465127861955,
        "test_score": 0.37202239695484773,
        "num_samples": 3303,
        "fit_time": 2557,
        "score_time": 237,
        "time": 2794,
        "parameters": {
            "learning_rate": 1,
            "loss": "exponential",
            "n_estimators": 50
        },
        "best_iteration": null,
        "done_at": 1620372661472,
        "split_id": 1
    },
    {
        "test_score_gib": 0.3672189335288095,
        "train_score": 0.39247924438441006,
        "test_score": 0.3672189335288095,
        "num_samples": 3303,
        "fit_time": 2523,
        "score_time": 237,
        "time": 2760,
        "parameters": {
            "learning_rate": 1,
            "loss": "exponential",
            "n_estimators": 50
        },
        "best_iteration": null,
        "done_at": 1620372661603,
        "split_id": 2
    },
    {
        "test_score_gib": 0.30482693266538274,
        "train_score": 0.3129118024676859,
        "test_score": 0.30482693266538274,
        "num_samples": 3303,
        "fit_time": 2673,
        "score_time": 476,
        "time": 3149,
        "parameters": {
            "learning_rate": 1,
            "loss": "exponential",
            "n_estimators": 50
        },
        "best_iteration": null,
        "done_at": 1620372662219,
        "split_id": 3
    },
    {
        "test_score_gib": 0.3155271235483714,
        "train_score": 0.3298047343803142,
        "test_score": 0.3155271235483714,
        "num_samples": 3302,
        "fit_time": 3718,
        "score_time": 283,
        "time": 4001,
        "parameters": {
            "learning_rate": 1,
            "loss": "exponential",
            "n_estimators": 50
        },
        "best_iteration": null,
        "done_at": 1620372665491,
        "split_id": 4
    },
    {
        "test_score_gib": 0.09843981924134149,
        "train_score": 0.06987584826530646,
        "test_score": 0.09843981924134149,
        "num_samples": 3303,
        "fit_time": 9993,
        "score_time": 1111,
        "time": 11104,
        "parameters": {
            "learning_rate": 1,
            "loss": "exponential",
            "n_estimators": 200
        },
        "best_iteration": null,
        "done_at": 1620372672709,
        "split_id": 0
    },
    {
        "test_score_gib": 0.04638451338184013,
        "train_score": 0.037744159148622614,
        "test_score": 0.04638451338184013,
        "num_samples": 3303,
        "fit_time": 10240,
        "score_time": 878,
        "time": 11118,
        "parameters": {
            "learning_rate": 1,
            "loss": "exponential",
            "n_estimators": 200
        },
        "best_iteration": null,
        "done_at": 1620372672784,
        "split_id": 1
    },
    {
        "test_score_gib": -0.027758687029387996,
        "train_score": 0.009998077762323643,
        "test_score": -0.027758687029387996,
        "num_samples": 3303,
        "fit_time": 9824,
        "score_time": 709,
        "time": 10533,
        "parameters": {
            "learning_rate": 1,
            "loss": "exponential",
            "n_estimators": 200
        },
        "best_iteration": null,
        "done_at": 1620372672757,
        "split_id": 2
    },
    {
        "test_score_gib": -0.050461659108779866,
        "train_score": -0.04600402449194041,
        "test_score": -0.050461659108779866,
        "num_samples": 3303,
        "fit_time": 8763,
        "score_time": 908,
        "time": 9671,
        "parameters": {
            "learning_rate": 1,
            "loss": "exponential",
            "n_estimators": 200
        },
        "best_iteration": null,
        "done_at": 1620372675163,
        "split_id": 3
    },
    {
        "test_score_gib": -0.00782281894347614,
        "train_score": 0.013709584618804116,
        "test_score": -0.00782281894347614,
        "num_samples": 3302,
        "fit_time": 8340,
        "score_time": 1104,
        "time": 9444,
        "parameters": {
            "learning_rate": 1,
            "loss": "exponential",
            "n_estimators": 200
        },
        "best_iteration": null,
        "done_at": 1620372682159,
        "split_id": 4
    },
    {
        "test_score_gib": 0.6125168698114154,
        "train_score": 0.6196629501898412,
        "test_score": 0.6125168698114154,
        "num_samples": 3303,
        "fit_time": 12779,
        "score_time": 1056,
        "time": 13835,
        "parameters": {
            "learning_rate": 0.1,
            "loss": "exponential",
            "n_estimators": 200
        },
        "best_iteration": null,
        "done_at": 1620372686595,
        "split_id": 0
    },
    {
        "test_score_gib": 0.5996960815887273,
        "train_score": 0.6068810556004205,
        "test_score": 0.5996960815887273,
        "num_samples": 3303,
        "fit_time": 12837,
        "score_time": 839,
        "time": 13676,
        "parameters": {
            "learning_rate": 0.1,
            "loss": "exponential",
            "n_estimators": 200
        },
        "best_iteration": null,
        "done_at": 1620372686465,
        "split_id": 1
    },
    {
        "test_score_gib": 0.596027273462665,
        "train_score": 0.6099789548295456,
        "test_score": 0.596027273462665,
        "num_samples": 3303,
        "fit_time": 13059,
        "score_time": 942,
        "time": 14001,
        "parameters": {
            "learning_rate": 0.1,
            "loss": "exponential",
            "n_estimators": 200
        },
        "best_iteration": null,
        "done_at": 1620372689168,
        "split_id": 2
    },
    {
        "test_score_gib": 0.5959059261008736,
        "train_score": 0.6023111899349627,
        "test_score": 0.5959059261008736,
        "num_samples": 3303,
        "fit_time": 10979,
        "score_time": 724,
        "time": 11703,
        "parameters": {
            "learning_rate": 0.1,
            "loss": "exponential",
            "n_estimators": 200
        },
        "best_iteration": null,
        "done_at": 1620372693880,
        "split_id": 3
    },
    {
        "test_score_gib": 0.5968891303560817,
        "train_score": 0.6000267309134687,
        "test_score": 0.5968891303560817,
        "num_samples": 3302,
        "fit_time": 10713,
        "score_time": 756,
        "time": 11469,
        "parameters": {
            "learning_rate": 0.1,
            "loss": "exponential",
            "n_estimators": 200
        },
        "best_iteration": null,
        "done_at": 1620372697937,
        "split_id": 4
    },
    {
        "test_score_gib": 0.5881558429197101,
        "train_score": 0.590902434071475,
        "test_score": 0.5881558429197101,
        "num_samples": 3303,
        "fit_time": 3084,
        "score_time": 133,
        "time": 3217,
        "parameters": {
            "learning_rate": 0.5,
            "loss": "linear",
            "n_estimators": 50
        },
        "best_iteration": null,
        "done_at": 1620372702435,
        "split_id": 0
    },
    {
        "test_score_gib": 0.5812922938646186,
        "train_score": 0.59130754024403,
        "test_score": 0.5812922938646186,
        "num_samples": 3303,
        "fit_time": 2777,
        "score_time": 126,
        "time": 2903,
        "parameters": {
            "learning_rate": 0.5,
            "loss": "linear",
            "n_estimators": 50
        },
        "best_iteration": null,
        "done_at": 1620372705340,
        "split_id": 1
    },
    {
        "test_score_gib": 0.5968203525226252,
        "train_score": 0.6108575000938478,
        "test_score": 0.5968203525226252,
        "num_samples": 3303,
        "fit_time": 2370,
        "score_time": 145,
        "time": 2515,
        "parameters": {
            "learning_rate": 0.5,
            "loss": "linear",
            "n_estimators": 50
        },
        "best_iteration": null,
        "done_at": 1620372706548,
        "split_id": 2
    },
    {
        "test_score_gib": 0.6298874489243793,
        "train_score": 0.6315447087376093,
        "test_score": 0.6298874489243793,
        "num_samples": 3303,
        "fit_time": 1363,
        "score_time": 68,
        "time": 1431,
        "parameters": {
            "learning_rate": 0.5,
            "loss": "linear",
            "n_estimators": 50
        },
        "best_iteration": null,
        "done_at": 1620372706772,
        "split_id": 3
    },
    {
        "test_score_gib": 0.613056974401095,
        "train_score": 0.6162825377884804,
        "test_score": 0.613056974401095,
        "num_samples": 3302,
        "fit_time": 1686,
        "score_time": 99,
        "time": 1785,
        "parameters": {
            "learning_rate": 0.5,
            "loss": "linear",
            "n_estimators": 50
        },
        "best_iteration": null,
        "done_at": 1620372707664,
        "split_id": 4
    },
    {
        "test_score_gib": 0.6266393511686827,
        "train_score": 0.6365442370058954,
        "test_score": 0.6266393511686827,
        "num_samples": 3303,
        "fit_time": 8536,
        "score_time": 494,
        "time": 9030,
        "parameters": {
            "learning_rate": 0.1,
            "loss": "linear",
            "n_estimators": 200
        },
        "best_iteration": null,
        "done_at": 1620372695630,
        "split_id": 0
    },
    {
        "test_score_gib": 0.6060779150456714,
        "train_score": 0.6135513482333166,
        "test_score": 0.6060779150456714,
        "num_samples": 3303,
        "fit_time": 9401,
        "score_time": 641,
        "time": 10042,
        "parameters": {
            "learning_rate": 0.1,
            "loss": "linear",
            "n_estimators": 200
        },
        "best_iteration": null,
        "done_at": 1620372699217,
        "split_id": 1
    },
    {
        "test_score_gib": 0.6030934511077237,
        "train_score": 0.617090890103318,
        "test_score": 0.6030934511077237,
        "num_samples": 3303,
        "fit_time": 11274,
        "score_time": 718,
        "time": 11992,
        "parameters": {
            "learning_rate": 0.1,
            "loss": "linear",
            "n_estimators": 200
        },
        "best_iteration": null,
        "done_at": 1620372705873,
        "split_id": 2
    },
    {
        "test_score_gib": 0.6355764569285411,
        "train_score": 0.6387065631929256,
        "test_score": 0.6355764569285411,
        "num_samples": 3303,
        "fit_time": 7849,
        "score_time": 548,
        "time": 8397,
        "parameters": {
            "learning_rate": 0.1,
            "loss": "linear",
            "n_estimators": 200
        },
        "best_iteration": null,
        "done_at": 1620372704032,
        "split_id": 3
    },
    {
        "test_score_gib": 0.618533424714829,
        "train_score": 0.6218225891341298,
        "test_score": 0.618533424714829,
        "num_samples": 3302,
        "fit_time": 9689,
        "score_time": 488,
        "time": 10177,
        "parameters": {
            "learning_rate": 0.1,
            "loss": "linear",
            "n_estimators": 200
        },
        "best_iteration": null,
        "done_at": 1620372708125,
        "split_id": 4
    },
    {
        "test_score_gib": 0.5677297801527321,
        "train_score": 0.5684225158473175,
        "test_score": 0.5677297801527321,
        "num_samples": 3303,
        "fit_time": 2288,
        "score_time": 167,
        "time": 2455,
        "parameters": {
            "learning_rate": 0.5,
            "loss": "linear",
            "n_estimators": 100
        },
        "best_iteration": null,
        "done_at": 1620372709005,
        "split_id": 0
    },
    {
        "test_score_gib": 0.5812922938646186,
        "train_score": 0.59130754024403,
        "test_score": 0.5812922938646186,
        "num_samples": 3303,
        "fit_time": 1881,
        "score_time": 123,
        "time": 2004,
        "parameters": {
            "learning_rate": 0.5,
            "loss": "linear",
            "n_estimators": 100
        },
        "best_iteration": null,
        "done_at": 1620372708779,
        "split_id": 1
    },
    {
        "test_score_gib": 0.5968203525226252,
        "train_score": 0.6108575000938478,
        "test_score": 0.5968203525226252,
        "num_samples": 3303,
        "fit_time": 1660,
        "score_time": 111,
        "time": 1771,
        "parameters": {
            "learning_rate": 0.5,
            "loss": "linear",
            "n_estimators": 100
        },
        "best_iteration": null,
        "done_at": 1620372709439,
        "split_id": 2
    },
    {
        "test_score_gib": 0.6298874489243793,
        "train_score": 0.6315447087376093,
        "test_score": 0.6298874489243793,
        "num_samples": 3303,
        "fit_time": 1157,
        "score_time": 72,
        "time": 1229,
        "parameters": {
            "learning_rate": 0.5,
            "loss": "linear",
            "n_estimators": 100
        },
        "best_iteration": null,
        "done_at": 1620372709362,
        "split_id": 3
    },
    {
        "test_score_gib": 0.613056974401095,
        "train_score": 0.6162825377884804,
        "test_score": 0.613056974401095,
        "num_samples": 3302,
        "fit_time": 1623,
        "score_time": 150,
        "time": 1773,
        "parameters": {
            "learning_rate": 0.5,
            "loss": "linear",
            "n_estimators": 100
        },
        "best_iteration": null,
        "done_at": 1620372710554,
        "split_id": 4
    },
    {
        "test_score_gib": 0.5677297801527321,
        "train_score": 0.5684225158473175,
        "test_score": 0.5677297801527321,
        "num_samples": 3303,
        "fit_time": 2739,
        "score_time": 190,
        "time": 2929,
        "parameters": {
            "learning_rate": 0.5,
            "loss": "linear",
            "n_estimators": 200
        },
        "best_iteration": null,
        "done_at": 1620372711935,
        "split_id": 0
    },
    {
        "test_score_gib": 0.5812922938646186,
        "train_score": 0.59130754024403,
        "test_score": 0.5812922938646186,
        "num_samples": 3303,
        "fit_time": 2404,
        "score_time": 154,
        "time": 2558,
        "parameters": {
            "learning_rate": 0.5,
            "loss": "linear",
            "n_estimators": 200
        },
        "best_iteration": null,
        "done_at": 1620372711923,
        "split_id": 1
    },
    {
        "test_score_gib": 0.5968203525226252,
        "train_score": 0.6108575000938478,
        "test_score": 0.5968203525226252,
        "num_samples": 3303,
        "fit_time": 2248,
        "score_time": 142,
        "time": 2390,
        "parameters": {
            "learning_rate": 0.5,
            "loss": "linear",
            "n_estimators": 200
        },
        "best_iteration": null,
        "done_at": 1620372711831,
        "split_id": 2
    },
    {
        "test_score_gib": 0.6298874489243793,
        "train_score": 0.6315447087376093,
        "test_score": 0.6298874489243793,
        "num_samples": 3303,
        "fit_time": 1518,
        "score_time": 70,
        "time": 1588,
        "parameters": {
            "learning_rate": 0.5,
            "loss": "linear",
            "n_estimators": 200
        },
        "best_iteration": null,
        "done_at": 1620372712164,
        "split_id": 3
    },
    {
        "test_score_gib": 0.613056974401095,
        "train_score": 0.6162825377884804,
        "test_score": 0.613056974401095,
        "num_samples": 3302,
        "fit_time": 1502,
        "score_time": 102,
        "time": 1604,
        "parameters": {
            "learning_rate": 0.5,
            "loss": "linear",
            "n_estimators": 200
        },
        "best_iteration": null,
        "done_at": 1620372713437,
        "split_id": 4
    },
    {
        "test_score_gib": 0.6149371099974069,
        "train_score": 0.6257468734964637,
        "test_score": 0.6149371099974069,
        "num_samples": 3303,
        "fit_time": 1162,
        "score_time": 64,
        "time": 1226,
        "parameters": {
            "learning_rate": 1,
            "loss": "linear",
            "n_estimators": 100
        },
        "best_iteration": null,
        "done_at": 1620372716990,
        "split_id": 0
    },
    {
        "test_score_gib": 0.5475374277922823,
        "train_score": 0.5567399293478341,
        "test_score": 0.5475374277922823,
        "num_samples": 3303,
        "fit_time": 1241,
        "score_time": 84,
        "time": 1325,
        "parameters": {
            "learning_rate": 1,
            "loss": "linear",
            "n_estimators": 100
        },
        "best_iteration": null,
        "done_at": 1620372717396,
        "split_id": 1
    },
    {
        "test_score_gib": 0.5826225305340816,
        "train_score": 0.5965981780105002,
        "test_score": 0.5826225305340816,
        "num_samples": 3303,
        "fit_time": 964,
        "score_time": 44,
        "time": 1008,
        "parameters": {
            "learning_rate": 1,
            "loss": "linear",
            "n_estimators": 100
        },
        "best_iteration": null,
        "done_at": 1620372718000,
        "split_id": 2
    },
    {
        "test_score_gib": 0.5281508697254635,
        "train_score": 0.5366071894166855,
        "test_score": 0.5281508697254635,
        "num_samples": 3303,
        "fit_time": 1436,
        "score_time": 124,
        "time": 1560,
        "parameters": {
            "learning_rate": 1,
            "loss": "linear",
            "n_estimators": 100
        },
        "best_iteration": null,
        "done_at": 1620372718958,
        "split_id": 3
    },
    {
        "test_score_gib": 0.5749721661466036,
        "train_score": 0.5718337932858849,
        "test_score": 0.5749721661466036,
        "num_samples": 3302,
        "fit_time": 1197,
        "score_time": 92,
        "time": 1289,
        "parameters": {
            "learning_rate": 1,
            "loss": "linear",
            "n_estimators": 100
        },
        "best_iteration": null,
        "done_at": 1620372718937,
        "split_id": 4
    },
    {
        "test_score_gib": 0.20262496341707914,
        "train_score": 0.17964296069579888,
        "test_score": 0.20262496341707914,
        "num_samples": 3303,
        "fit_time": 3329,
        "score_time": 420,
        "time": 3749,
        "parameters": {
            "learning_rate": 1,
            "loss": "exponential",
            "n_estimators": 100
        },
        "best_iteration": null,
        "done_at": 1620372715676,
        "split_id": 0
    },
    {
        "test_score_gib": 0.1956124135364603,
        "train_score": 0.18639416662625996,
        "test_score": 0.1956124135364603,
        "num_samples": 3303,
        "fit_time": 3390,
        "score_time": 433,
        "time": 3823,
        "parameters": {
            "learning_rate": 1,
            "loss": "exponential",
            "n_estimators": 100
        },
        "best_iteration": null,
        "done_at": 1620372715761,
        "split_id": 1
    },
    {
        "test_score_gib": 0.11394740771270817,
        "train_score": 0.15039400078470377,
        "test_score": 0.11394740771270817,
        "num_samples": 3303,
        "fit_time": 3497,
        "score_time": 406,
        "time": 3903,
        "parameters": {
            "learning_rate": 1,
            "loss": "exponential",
            "n_estimators": 100
        },
        "best_iteration": null,
        "done_at": 1620372716069,
        "split_id": 2
    },
    {
        "test_score_gib": 0.06912651311049123,
        "train_score": 0.0790815658969497,
        "test_score": 0.06912651311049123,
        "num_samples": 3303,
        "fit_time": 3864,
        "score_time": 338,
        "time": 4202,
        "parameters": {
            "learning_rate": 1,
            "loss": "exponential",
            "n_estimators": 100
        },
        "best_iteration": null,
        "done_at": 1620372717645,
        "split_id": 3
    },
    {
        "test_score_gib": 0.10817089510365019,
        "train_score": 0.12941244596194323,
        "test_score": 0.10817089510365019,
        "num_samples": 3302,
        "fit_time": 3672,
        "score_time": 271,
        "time": 3943,
        "parameters": {
            "learning_rate": 1,
            "loss": "exponential",
            "n_estimators": 100
        },
        "best_iteration": null,
        "done_at": 1620372719623,
        "split_id": 4
    },
    {
        "test_score_gib": 0.6479897021038385,
        "train_score": 0.6621528917575268,
        "test_score": 0.6479897021038385,
        "num_samples": 3303,
        "fit_time": 4348,
        "score_time": 277,
        "time": 4625,
        "parameters": {
            "learning_rate": 0.1,
            "loss": "linear",
            "n_estimators": 100
        },
        "best_iteration": null,
        "done_at": 1620372722627,
        "split_id": 0
    },
    {
        "test_score_gib": 0.649907370923891,
        "train_score": 0.653627275521439,
        "test_score": 0.649907370923891,
        "num_samples": 3303,
        "fit_time": 4126,
        "score_time": 307,
        "time": 4433,
        "parameters": {
            "learning_rate": 0.1,
            "loss": "linear",
            "n_estimators": 100
        },
        "best_iteration": null,
        "done_at": 1620372723374,
        "split_id": 1
    },
    {
        "test_score_gib": 0.6518997982669326,
        "train_score": 0.6619112097274632,
        "test_score": 0.6518997982669326,
        "num_samples": 3303,
        "fit_time": 4169,
        "score_time": 289,
        "time": 4458,
        "parameters": {
            "learning_rate": 0.1,
            "loss": "linear",
            "n_estimators": 100
        },
        "best_iteration": null,
        "done_at": 1620372723423,
        "split_id": 2
    },
    {
        "test_score_gib": 0.6501658635641524,
        "train_score": 0.655421436459891,
        "test_score": 0.6501658635641524,
        "num_samples": 3303,
        "fit_time": 4056,
        "score_time": 279,
        "time": 4335,
        "parameters": {
            "learning_rate": 0.1,
            "loss": "linear",
            "n_estimators": 100
        },
        "best_iteration": null,
        "done_at": 1620372723963,
        "split_id": 3
    },
    {
        "test_score_gib": 0.6489463515825571,
        "train_score": 0.6556644830792617,
        "test_score": 0.6489463515825571,
        "num_samples": 3302,
        "fit_time": 4091,
        "score_time": 286,
        "time": 4377,
        "parameters": {
            "learning_rate": 0.1,
            "loss": "linear",
            "n_estimators": 100
        },
        "best_iteration": null,
        "done_at": 1620372727007,
        "split_id": 4
    },
    {
        "test_score_gib": 0.644377695807838,
        "train_score": 0.6589193749164766,
        "test_score": 0.644377695807838,
        "num_samples": 3303,
        "fit_time": 2103,
        "score_time": 138,
        "time": 2241,
        "parameters": {
            "learning_rate": 0.1,
            "loss": "linear",
            "n_estimators": 50
        },
        "best_iteration": null,
        "done_at": 1620372725617,
        "split_id": 0
    },
    {
        "test_score_gib": 0.6608375521580108,
        "train_score": 0.6624945075256261,
        "test_score": 0.6608375521580108,
        "num_samples": 3303,
        "fit_time": 2109,
        "score_time": 117,
        "time": 2226,
        "parameters": {
            "learning_rate": 0.1,
            "loss": "linear",
            "n_estimators": 50
        },
        "best_iteration": null,
        "done_at": 1620372725654,
        "split_id": 1
    },
    {
        "test_score_gib": 0.6609720798195505,
        "train_score": 0.6687541451234087,
        "test_score": 0.6609720798195505,
        "num_samples": 3303,
        "fit_time": 2124,
        "score_time": 214,
        "time": 2338,
        "parameters": {
            "learning_rate": 0.1,
            "loss": "linear",
            "n_estimators": 50
        },
        "best_iteration": null,
        "done_at": 1620372726303,
        "split_id": 2
    },
    {
        "test_score_gib": 0.6682349269300814,
        "train_score": 0.6714519132385632,
        "test_score": 0.6682349269300814,
        "num_samples": 3303,
        "fit_time": 2275,
        "score_time": 97,
        "time": 2372,
        "parameters": {
            "learning_rate": 0.1,
            "loss": "linear",
            "n_estimators": 50
        },
        "best_iteration": null,
        "done_at": 1620372727991,
        "split_id": 3
    },
    {
        "test_score_gib": 0.6478886218333736,
        "train_score": 0.6599750668717494,
        "test_score": 0.6478886218333736,
        "num_samples": 3302,
        "fit_time": 2251,
        "score_time": 97,
        "time": 2348,
        "parameters": {
            "learning_rate": 0.1,
            "loss": "linear",
            "n_estimators": 50
        },
        "best_iteration": null,
        "done_at": 1620372728003,
        "split_id": 4
    }
]