{
    "modelInputNRows": 16514,
    "modelInputNCols": 8,
    "modelInputIsSparse": false,
    "modelInputMemory": 1056896,
    "usedGridSearch": true,
    "gridSize": 18,
    "gridBestScore": 0.6623310691912967,
    "gridCells": [
        {
            "params": {
                "learning_rate": 0.5,
                "loss": "exponential",
                "n_estimators": 200
            },
            "score": 0.11613166135558944,
            "scoreStd": 0.06357794323161088,
            "fitTime": 13.8638,
            "fitTimeStd": 1.6634354090255503,
            "scoreTime": 1.348,
            "scoreTimeStd": 0.10576388797694608
        },
        {
            "params": {
                "learning_rate": 0.5,
                "loss": "exponential",
                "n_estimators": 50
            },
            "score": 0.5606972485397762,
            "scoreStd": 0.009342566370507613,
            "fitTime": 5.2814,
            "fitTimeStd": 0.5488725170747758,
            "scoreTime": 0.2934,
            "scoreTimeStd": 0.042249733726971585
        },
        {
            "params": {
                "learning_rate": 1,
                "loss": "linear",
                "n_estimators": 50
            },
            "score": 0.5696436981950289,
            "scoreStd": 0.029862817064427182,
            "fitTime": 2.7958000000000003,
            "fitTimeStd": 0.7039001065492178,
            "scoreTime": 0.1668,
            "scoreTimeStd": 0.021553653982561753
        },
        {
            "params": {
                "learning_rate": 0.1,
                "loss": "exponential",
                "n_estimators": 100
            },
            "score": 0.6575705719835203,
            "scoreStd": 0.0031461983774935293,
            "fitTime": 8.7542,
            "fitTimeStd": 0.9853363689623965,
            "scoreTime": 0.4532,
            "scoreTimeStd": 0.061061935770167004
        },
        {
            "params": {
                "learning_rate": 1,
                "loss": "linear",
                "n_estimators": 200
            },
            "score": 0.5696436981950289,
            "scoreStd": 0.029862817064427182,
            "fitTime": 1.6998,
            "fitTimeStd": 0.23671535649382783,
            "scoreTime": 0.09620000000000001,
            "scoreTimeStd": 0.03036708744677369
        },
        {
            "params": {
                "learning_rate": 0.1,
                "loss": "exponential",
                "n_estimators": 50
            },
            "score": 0.6623310691912967,
            "scoreStd": 0.0069512778701206505,
            "fitTime": 3.4398,
            "fitTimeStd": 0.17760225223797135,
            "scoreTime": 0.18359999999999999,
            "scoreTimeStd": 0.017522556891047605
        },
        {
            "params": {
                "learning_rate": 0.5,
                "loss": "exponential",
                "n_estimators": 100
            },
            "score": 0.3472733878981438,
            "scoreStd": 0.03859295171932863,
            "fitTime": 4.8264,
            "fitTimeStd": 0.1325935141701886,
            "scoreTime": 0.393,
            "scoreTimeStd": 0.061657116377592615
        },
        {
            "params": {
                "learning_rate": 1,
                "loss": "exponential",
                "n_estimators": 50
            },
            "score": 0.3537048739451189,
            "scoreStd": 0.03850503490212869,
            "fitTime": 2.8051999999999997,
            "fitTimeStd": 0.45924302934285244,
            "scoreTime": 0.2822,
            "scoreTimeStd": 0.1024722401433676
        },
        {
            "params": {
                "learning_rate": 1,
                "loss": "exponential",
                "n_estimators": 200
            },
            "score": 0.011757419111580611,
            "scoreStd": 0.053906882549474955,
            "fitTime": 9.432,
            "fitTimeStd": 0.7431384796927151,
            "scoreTime": 0.942,
            "scoreTimeStd": 0.151225659198431
        },
        {
            "params": {
                "learning_rate": 0.1,
                "loss": "exponential",
                "n_estimators": 200
            },
            "score": 0.6002072571798972,
            "scoreStd": 0.0063052398081626625,
            "fitTime": 12.0734,
            "fitTimeStd": 1.0100260590697647,
            "scoreTime": 0.8634,
            "scoreTimeStd": 0.12233985450375524
        },
        {
            "params": {
                "learning_rate": 0.1,
                "loss": "linear",
                "n_estimators": 200
            },
            "score": 0.6179840865301054,
            "scoreStd": 0.012233070200644855,
            "fitTime": 9.3498,
            "fitTimeStd": 1.1605942271095442,
            "scoreTime": 0.5778,
            "scoreTimeStd": 0.08902224441115827
        },
        {
            "params": {
                "learning_rate": 0.5,
                "loss": "linear",
                "n_estimators": 50
            },
            "score": 0.6018419034425645,
            "scoreStd": 0.01759088811015036,
            "fitTime": 2.256,
            "fitTimeStd": 0.6468956639211613,
            "scoreTime": 0.1142,
            "scoreTimeStd": 0.02759275267167087
        },
        {
            "params": {
                "learning_rate": 0.5,
                "loss": "linear",
                "n_estimators": 100
            },
            "score": 0.5977564435104263,
            "scoreStd": 0.02209130884403244,
            "fitTime": 1.7218,
            "fitTimeStd": 0.3683766550692375,
            "scoreTime": 0.12459999999999999,
            "scoreTimeStd": 0.032854832216890104
        },
        {
            "params": {
                "learning_rate": 0.5,
                "loss": "linear",
                "n_estimators": 200
            },
            "score": 0.5977564435104263,
            "scoreStd": 0.02209130884403244,
            "fitTime": 2.0822,
            "fitTimeStd": 0.4934338456166135,
            "scoreTime": 0.1316,
            "scoreTimeStd": 0.041692205506545225
        },
        {
            "params": {
                "learning_rate": 1,
                "loss": "exponential",
                "n_estimators": 100
            },
            "score": 0.13789823859687667,
            "scoreStd": 0.0523601849753591,
            "fitTime": 3.5504000000000002,
            "fitTimeStd": 0.195309600378476,
            "scoreTime": 0.37360000000000004,
            "scoreTimeStd": 0.06086903974928469
        },
        {
            "params": {
                "learning_rate": 1,
                "loss": "linear",
                "n_estimators": 100
            },
            "score": 0.5696436981950289,
            "scoreStd": 0.029862817064427182,
            "fitTime": 1.2,
            "fitTimeStd": 0.15134463981258142,
            "scoreTime": 0.08159999999999999,
            "scoreTimeStd": 0.02696367927416435
        },
        {
            "params": {
                "learning_rate": 0.1,
                "loss": "linear",
                "n_estimators": 100
            },
            "score": 0.6497818678796334,
            "scoreStd": 0.001308364275550077,
            "fitTime": 4.158,
            "fitTimeStd": 0.10211562074433078,
            "scoreTime": 0.2876,
            "scoreTimeStd": 0.010650821564555477
        },
        {
            "params": {
                "learning_rate": 0.1,
                "loss": "linear",
                "n_estimators": 50
            },
            "score": 0.6564626944785655,
            "scoreStd": 0.008917658065733811,
            "fitTime": 2.1724,
            "fitTimeStd": 0.07467690406009077,
            "scoreTime": 0.1326,
            "scoreTimeStd": 0.043435469376996494
        }
    ],
    "rawImportance": {
        "variables": [
            "MedInc",
            "AveRooms",
            "AveOccup",
            "Population",
            "Latitude",
            "HouseAge",
            "Longitude"
        ],
        "importances": [
            0.6270424647886781,
            0.017183256047165665,
            0.1824818859262866,
            0.005437805900907761,
            0.1201628067129893,
            0.006158041694661458,
            0.04153373892931107
        ]
    }
}