{
  "algorithm": "CUSTOM_PLUGIN",
  "plugin_python_grid": {
    "pluginId": "AdaBoostRegressor",
    "pluginVersion": "0.0.1",
    "elementId": "AdaBoostRegressor_regression",
    "name": "AdaBoostRegressor",
    "params": {
      "n_estimators": [
        50,
        100,
        200
      ],
      "learning_rate": [
        1,
        0.5,
        0.1
      ],
      "loss": [
        "linear",
        "exponential"
      ],
      "random_state": 130
    },
    "supportsSampleWeights": true,
    "acceptsSparseMatrix": false,
    "enabled": true
  },
  "max_ensemble_nodes_serialized": 0,
  "metrics": {
    "evaluationMetric": "R2",
    "customEvaluationMetricGIB": true,
    "customEvaluationMetricNeedsProba": false,
    "costMatrixWeights": {
      "tpGain": 1.0,
      "tnGain": 0.0,
      "fpGain": -0.3,
      "fnGain": 0.0
    },
    "liftPoint": 0.4
  },
  "autoOptimizeThreshold": true,
  "forcedClassifierThreshold": 0.0,
  "gridLength": 18,
  "grid_search_params": {
    "mode": "KFOLD",
    "splitRatio": 0.8,
    "shuffleIterations": 1,
    "nFolds": 5,
    "stratified": true,
    "strategy": "GRID",
    "bayesianOptimizer": "SCIKIT_OPTIMIZE",
    "randomized": true,
    "seed": 0,
    "nIter": 0,
    "nIterRandom": 3,
    "timeout": 0,
    "nJobs": 4,
    "distributed": false,
    "nContainers": 4
  },
  "pluginAlgoCustomGridSearch": false,
  "computeLearningCurves": false,
  "skipExpensiveReports": false
}