{
  "state": "DONE",
  "preSearchDescription": {
    "gridLength": 18,
    "searchStrategy": "GRID",
    "importantParams": [
      {
        "name": "n_estimators",
        "vals": [
          "50",
          "100",
          "200"
        ]
      },
      {
        "name": "learning_rate",
        "vals": [
          "1",
          "0.5",
          "0.1"
        ]
      },
      {
        "name": "loss",
        "vals": [
          "\"linear\"",
          "\"exponential\""
        ]
      }
    ]
  },
  "postSearchDescription": {
    "importantParams": [
      {
        "name": "n_estimators",
        "val": "50"
      },
      {
        "name": "learning_rate",
        "val": "0.1"
      },
      {
        "name": "loss",
        "val": "\"exponential\""
      }
    ]
  },
  "resumed": false,
  "timeOrderingEnabled": false,
  "sampleWeightsEnabled": false,
  "modelId": "m1",
  "progress": {
    "top_level_todo": [],
    "stack": [],
    "top_level_done": [
      {
        "name": "Loading train set",
        "time": 62
      },
      {
        "name": "Loading test set",
        "time": 18
      },
      {
        "name": "Collecting statistics",
        "time": 34
      },
      {
        "name": "Preprocessing train set",
        "time": 36
      },
      {
        "name": "Preprocessing test set",
        "time": 24
      },
      {
        "name": "Hyperparameter searching",
        "time": 124403
      },
      {
        "name": "Fitting model",
        "time": 1893
      },
      {
        "name": "Saving model",
        "time": 4
      },
      {
        "name": "Scoring model",
        "time": 106
      }
    ]
  },
  "startTime": 1620372604104,
  "endTime": 1620372730761,
  "preprocessingTime": 174,
  "trainingTime": 126483,
  "hyperparamsSearchTime": 124403
}