{
    "meta": {
        "label": "SGDClassifier",
        "description": "Estimator for learning linear classifiers by SGD.",
        "icon": "icon-puzzle-piece"
    },
    "predictionTypes": [
        "BINARY_CLASSIFICATION",
        "MULTICLASS"
    ],
    "gridSearchMode": "MANAGED",
    "supportsSampleWeights": true,
    "acceptsSparseMatrix": false,
    "params": [
        {
            "name": "loss",
            "label": "Loss",
            "description": "Loss function to be used.",
            "defaultValue": [
                "hinge"
            ],
            "type": "MULTISELECT",
            "gridParam": true,
            "selectChoices": [
                {
                    "value": "squared_hinge",
                    "label": "squared_hinge"
                },
                {
                    "value": "perceptron",
                    "label": "perceptron"
                },
                {
                    "value": "hinge",
                    "label": "hinge"
                },
                {
                    "value": "log",
                    "label": "log"
                }
            ]
        },
        {
            "name": "penalty",
            "label": "Penalty",
            "description": "The penalty to be used.  - l2: ridge - l1: lasso - l1/l2: group lasso",
            "defaultValue": [
                "l2"
            ],
            "type": "MULTISELECT",
            "gridParam": true,
            "selectChoices": [
                {
                    "value": "l2",
                    "label": "l2"
                },
                {
                    "value": "l1",
                    "label": "l1"
                },
                {
                    "value": "l1/l2",
                    "label": "l1/l2"
                }
            ]
        },
        {
            "name": "multiclass",
            "label": "Multiclass",
            "description": "Whether to use a direct multiclass formulation (True) or one-vs-rest (False). Direct formulations are only available for loss='hinge', 'squared_hinge' and 'log'.",
            "defaultValue": ["False"],
            "type": "MULTISELECT",
            "gridParam": true,
            "selectChoices": [
                {
                    "value": "True",
                    "label": "True"
                },
                {
                    "value": "False",
                    "label": "False"
                }
            ]
        },
        {
            "name": "alpha",
            "label": "Alpha",
            "description": "Weight of the penalty term.",
            "defaultValue": [
                0.01
            ],
            "gridParam": true,
            "type": "DOUBLES"
        },
        {
            "name": "learning_rate",
            "label": "Learning Rate",
            "description": "Learning schedule to use.",
            "defaultValue": [
                "pegasos"
            ],
            "type": "MULTISELECT",
            "gridParam": true,
            "selectChoices": [
                {
                    "value": "constant",
                    "label": "constant"
                },
                {
                    "value": "invscaling",
                    "label": "invscaling"
                },
                {
                    "value": "pegasos",
                    "label": "pegasos"
                }
            ]
        },
        {
            "name": "eta0",
            "label": "Eta0",
            "description": "Step size.",
            "defaultValue": [
                0.03
            ],
            "gridParam": true,
            "type": "DOUBLES"
        },
        {
            "name": "power_t",
            "label": "Power T",
            "description": "Power to be used (when learning_rate='invscaling').",
            "defaultValue": [
                0.5
            ],
            "gridParam": true,
            "type": "DOUBLES"
        },
        {
            "name": "epsilon",
            "label": "Epsilon",
            "description": "Value to be used for epsilon-insensitive loss.",
            "defaultValue": [
                0.01
            ],
            "gridParam": true,
            "type": "DOUBLES"
        },
        {
            "name": "fit_intercept",
            "label": "Fit Intercept",
            "description": "Whether to fit the intercept or not.",
            "defaultValue": [
                "True"
            ],
            "type": "MULTISELECT",
            "gridParam": true,
            "selectChoices": [
                {
                    "value": "True",
                    "label": "True"
                },
                {
                    "value": "False",
                    "label": "False"
                }
            ]
        },
        {
            "name": "intercept_decay",
            "label": "Intercept Decay",
            "description": "Value by which the intercept is multiplied (to regularize it).",
            "defaultValue": [
                1.0
            ],
            "gridParam": true,
            "type": "DOUBLES"
        },
        {
            "name": "max_iter",
            "label": "Max Iter",
            "description": "Maximum number of iterations to perform.",
            "defaultValue": [
                10
            ],
            "gridParam": true,
            "type": "DOUBLES"
        },
        {
            "name": "shuffle",
            "label": "Shuffle",
            "description": "Whether to shuffle data.",
            "defaultValue": [
                "True"
            ],
            "type": "MULTISELECT",
            "gridParam": true,
            "selectChoices": [
                {
                    "value": "True",
                    "label": "True"
                },
                {
                    "value": "False",
                    "label": "False"
                }
            ]
        },
        {
            "name": "random_state",
            "label": "Random State",
            "description": "The seed of the pseudo random number generator to use.",
            "defaultValue": null,
            "gridParam": false,
            "type": "INT"
        }
    ]
}