{
  "params": {
    "ttPolicy": "SPLIT_SINGLE_DATASET",
    "ssdSplitMode": "RANDOM",
    "splitBeforePrepare": true,
    "ssdSelection": {
      "useMemTable": false,
      "filter": {
        "distinct": false,
        "enabled": false
      },
      "partitionSelectionMethod": "ALL",
      "latestPartitionsN": 1,
      "ordering": {
        "enabled": false,
        "rules": []
      },
      "samplingMethod": "HEAD_SEQUENTIAL",
      "maxRecords": 100000,
      "targetRatio": 0.02,
      "withinFirstN": -1,
      "maxReadUncompressedBytes": -1
    },
    "ssdTrainingRatio": 0.8,
    "ssdSeed": 1337,
    "testOnLargerValues": true,
    "kfold": false,
    "nFolds": 5,
    "instanceIdRefresher": 0,
    "subSamplingSeed": 1337
  },
  "generationDate": 1620379463532,
  "policyId": "type\u003dSPLIT_SINGLE_DATASET,split\u003dRANDOM,splitBeforePrepare\u003dtrue,ds\u003dcalifornia_housing,sel\u003d(method\u003dhead-s,records\u003d100000),r\u003d0.8,s\u003d1337",
  "instanceId": "b7a480f96e61703d2456613cc48e96fe-0",
  "format": "csv1",
  "schema": {
    "columns": [
      {"name":"MedInc","type":"double"},
      {"name":"HouseAge","type":"double"},
      {"name":"AveRooms","type":"double"},
      {"name":"AveBedrms","type":"double"},
      {"name":"Population","type":"double"},
      {"name":"AveOccup","type":"double"},
      {"name":"Latitude","type":"double"},
      {"name":"Longitude","type":"double"},
      {"name":"target","type":"double"}
    ],
    "userModified": false
  },
  "trainPath": "train.csv.gz",
  "testPath": "test.csv.gz",
  "trainRows": 16514,
  "testRows": 4126,
  "fullRows": 0
}