{
    "id": "ExtraTreesQuantileRegressor",
    "version": "0.0.1",
    "meta": {
        "label": "ExtraTreesQuantileRegressor",
        "description": "This class implements a meta estimator that fits a number of randomized decision trees (a.k.a. extra-trees) on various sub-samples of the dataset and use averaging to improve the predictive accuracy and control over-fitting.",
        "author": "admin",
        "icon": "icon-puzzle-piece",
        "tags": [],
        "url": "",
        "licenseInfo": "Apache Software License"
    }
}