{
    "meta": {
        "label": "LinearSVR",
        "description": "Estimator for learning a linear support vector regressor by coordinate",
        "icon": "icon-puzzle-piece"
    },
    "predictionTypes": [
        "REGRESSION"
    ],
    "gridSearchMode": "MANAGED",
    "supportsSampleWeights": true,
    "acceptsSparseMatrix": false,
    "params": [
        {
            "name": "C",
            "label": "C",
            "description": "Weight of the loss term.",
            "defaultValue": [
                1.0
            ],
            "gridParam": true,
            "type": "DOUBLES"
        },
        {
            "name": "epsilon",
            "label": "Epsilon",
            "description": "Parameter of the epsilon-insensitive loss.",
            "defaultValue": [0.0],
            "gridParam": true,
            "type": "DOUBLES"
        },
        {
            "name": "loss",
            "label": "Loss",
            "description": "The loss function to be used.",
            "defaultValue": [
                "epsilon_insensitive"
            ],
            "type": "MULTISELECT",
            "gridParam": true,
            "selectChoices": [
                {
                    "value": "epsilon_insensitive",
                    "label": "epsilon_insensitive"
                },
                {
                    "value": "squared_epsilon_insensitive",
                    "label": "squared_epsilon_insensitive"
                }
            ]
        },
        {
            "name": "max_iter",
            "label": "Max Iter",
            "description": "Maximum number of iterations to perform.",
            "defaultValue": [
                1000
            ],
            "gridParam": true,
            "type": "DOUBLES"
        },
        {
            "name": "tol",
            "label": "Tol",
            "description": "Tolerance of the stopping criterion.",
            "defaultValue": [
                0.001
            ],
            "gridParam": true,
            "type": "DOUBLES"
        },
        {
            "name": "fit_intercept",
            "label": "Fit Intercept",
            "description": "Whether to fit an intercept term or not.",
            "defaultValue": ["True"],
            "type": "MULTISELECT",
            "gridParam": true,
            "selectChoices": [
                {
                    "value": "True",
                    "label": "True"
                },
                {
                    "value": "False",
                    "label": "False"
                }
            ]
        },
        {
            "name": "permute",
            "label": "Permute",
            "description": "Whether to permute coordinates or not before cycling.",
            "defaultValue": [
                "True"
            ],
            "type": "MULTISELECT",
            "gridParam": true,
            "selectChoices": [
                {
                    "value": "True",
                    "label": "True"
                },
                {
                    "value": "False",
                    "label": "False"
                }
            ]
        },
        {
            "name": "random_state",
            "label": "Random State",
            "description": "The seed of the pseudo random number generator to use.",
            "defaultValue": null,
            "gridParam": false,
            "type": "INT"
        }
    ]
}