{
    "meta": {
        "label": "SAGRegressor",
        "description": "Estimator for learning linear regressors by SAG.",
        "icon": "icon-puzzle-piece"
    },
    "predictionTypes": [
        "REGRESSION"
    ],
    "gridSearchMode": "MANAGED",
    "supportsSampleWeights": true,
    "acceptsSparseMatrix": false,
    "params": [
        {
            "name": "eta",
            "label": "Eta",
            "description": "step size for the gradient updates. If set to 'auto', this will calculate a step size based on the input data. If set to 'line-search', it will perform a line-search to find the step size based for the current iteration.",
            "defaultValue": [
                "auto"
            ],
            "type": "MULTISELECT",
            "gridParam": true,
            "selectChoices": [
                {
                    "value": "auto",
                    "label": "auto"
                },
                {
                    "value": "line-search",
                    "label": "line-search"
                }
            ]
        },
        {
            "name": "alpha",
            "label": "Alpha",
            "description": "amount of squared L2 regularization.",
            "defaultValue": [
                1.0
            ],
            "gridParam": true,
            "type": "DOUBLES"
        },
        {
            "name": "beta",
            "label": "Beta",
            "description": "amount of regularization for the penalty term.",
            "defaultValue": [0.0],
            "gridParam": true,
            "type": "DOUBLES"
        },
        {
            "name": "loss",
            "label": "Loss",
            "description": "loss to use in the objective function. Can be \"modified_huber\" or \"squared\".",
            "defaultValue": [
                "smooth_hinge"
            ],
            "type": "MULTISELECT",
            "gridParam": true,
            "selectChoices": [
                {
                    "value": "modified_huber",
                    "label": "modified_huber"
                },
                {
                    "value": "squared",
                    "label": "squared"
                },
                {
                    "value": "smooth_hinge",
                    "label": "smooth_hinge"
                }
            ]
        },
        {
            "name": "gamma",
            "label": "Gamma",
            "description": "",
            "defaultValue": [
                1.0
            ],
            "gridParam": true,
            "type": "DOUBLES"
        },
        {
            "name": "max_iter",
            "label": "Max Iter",
            "description": "maximum number of outer iterations (also known as epochs).",
            "defaultValue": [
                10
            ],
            "gridParam": true,
            "type": "DOUBLES"
        },
        {
            "name": "n_inner",
            "label": "N Inner",
            "description": "",
            "defaultValue": [
                1.0
            ],
            "gridParam": true,
            "type": "DOUBLES"
        },
        {
            "name": "tol",
            "label": "Tol",
            "description": "stopping criterion tolerance.",
            "defaultValue": [
                0.001
            ],
            "gridParam": true,
            "type": "DOUBLES"
        },
        {
            "name": "random_state",
            "label": "Random State",
            "description": "Pseudo-random number generator state used for random sampling.",
            "defaultValue": null,
            "gridParam": false,
            "type": "INT"
        }
    ]
}