{
    "id": "RandomForestQuantileRegressor",
    "version": "0.0.1",
    "meta": {
        "label": "RandomForestQuantileRegressor",
        "description": "A random forest is a meta estimator that fits a number of classifying decision trees on various sub-samples of the dataset and use averaging to improve the predictive accuracy and control over-fitting. The sub-sample size is always the same as the original input sample size but the samples are drawn with replacement if `bootstrap=True` (default).",
        "author": "admin",
        "icon": "icon-puzzle-piece",
        "tags": [],
        "url": "",
        "licenseInfo": "Apache Software License"
    }
}