{
    "meta": {
        "label": "GradientBoostingRegressor",
        "description": "Gradient Boosting for regression.",
        "icon": "icon-puzzle-piece"
    },
    "predictionTypes": [
        "REGRESSION"
    ],
    "gridSearchMode": "MANAGED",
    "supportsSampleWeights": true,
    "acceptsSparseMatrix": false,
    "params": [
        {
            "name": "loss",
            "label": "Loss",
            "description": "Loss function to be optimized. 'ls' refers to least squares regression. 'lad' (least absolute deviation) is a highly robust loss function solely based on order information of the input variables. 'huber' is a combination of the two. 'quantile' allows quantile regression (use `alpha` to specify the quantile).",
            "defaultValue": [
                "ls"
            ],
            "type": "MULTISELECT",
            "gridParam": true,
            "selectChoices": [
                {
                    "value": "quantile",
                    "label": "quantile"
                },
                {
                    "value": "ls",
                    "label": "ls"
                },
                {
                    "value": "lad",
                    "label": "lad"
                },
                {
                    "value": "huber",
                    "label": "huber"
                }
            ]
        },
        {
            "name": "learning_rate",
            "label": "Learning Rate",
            "description": "Learning rate shrinks the contribution of each tree by `learning_rate`. There is a trade-off between learning_rate and n_estimators.",
            "defaultValue": [
                0.1
            ],
            "type": "DOUBLES",
            "gridParam": true
        },
        {
            "name": "n_estimators",
            "label": "N Estimators",
            "description": "The number of boosting stages to perform. Gradient boosting is fairly robust to over-fitting so a large number usually results in better performance.",
            "defaultValue": [
                100
            ],
            "type": "DOUBLES",
            "gridParam": true
        },
        {
            "name": "criterion",
            "label": "Criterion",
            "description": "The function to measure the quality of a split. Supported criteria are \"friedman_mse\" for the mean squared error with improvement score by Friedman, \"mse\" for mean squared error, and \"mae\" for the mean absolute error. The default value of \"friedman_mse\" is generally the best as it can provide a better approximation in some cases.  .. versionadded:: 0.18 .. deprecated:: 0.24     `criterion='mae'` is deprecated and will be removed in version     1.1 (renaming of 0.26). The correct way of minimizing the absolute     error is to use `loss='lad'` instead.",
            "defaultValue": [
                "friedman_mse"
            ],
            "type": "STRINGS",
            "gridParam": true
        },
        {
            "name": "min_samples_split",
            "label": "Min Samples Split",
            "description": "The minimum number of samples required to split an internal node:  - If int, then consider `min_samples_split` as the minimum number. - If float, then `min_samples_split` is a fraction and   `ceil(min_samples_split * n_samples)` are the minimum   number of samples for each split.  .. versionchanged:: 0.18    Added float values for fractions.",
            "defaultValue": [
                2
            ],
            "type": "DOUBLES",
            "gridParam": true
        },
        {
            "name": "min_samples_leaf",
            "label": "Min Samples Leaf",
            "description": "The minimum number of samples required to be at a leaf node. A split point at any depth will only be considered if it leaves at least ``min_samples_leaf`` training samples in each of the left and right branches.  This may have the effect of smoothing the model, especially in regression.  - If int, then consider `min_samples_leaf` as the minimum number. - If float, then `min_samples_leaf` is a fraction and   `ceil(min_samples_leaf * n_samples)` are the minimum   number of samples for each node.  .. versionchanged:: 0.18    Added float values for fractions.",
            "defaultValue": [
                1
            ],
            "type": "DOUBLES",
            "gridParam": true
        },
        {
            "name": "min_weight_fraction_leaf",
            "label": "Min Weight Fraction Leaf",
            "description": "The minimum weighted fraction of the sum total of weights (of all the input samples) required to be at a leaf node. Samples have equal weight when sample_weight is not provided.",
            "type": "DOUBLES",
            "gridParam": true
        },
        {
            "name": "max_depth",
            "label": "Max Depth",
            "description": "Maximum depth of the individual regression estimators. The maximum depth limits the number of nodes in the tree. Tune this parameter for best performance; the best value depends on the interaction of the input variables.",
            "defaultValue": [
                3
            ],
            "type": "DOUBLES",
            "gridParam": true
        },
        {
            "name": "min_impurity_decrease",
            "label": "Min Impurity Decrease",
            "description": "A node will be split if this split induces a decrease of the impurity greater than or equal to this value.  The weighted impurity decrease equation is the following::      N_t / N * (impurity - N_t_R / N_t * right_impurity                         - N_t_L / N_t * left_impurity)  where ``N`` is the total number of samples, ``N_t`` is the number of samples at the current node, ``N_t_L`` is the number of samples in the left child, and ``N_t_R`` is the number of samples in the right child.  ``N``, ``N_t``, ``N_t_R`` and ``N_t_L`` all refer to the weighted sum, if ``sample_weight`` is passed.  .. versionadded:: 0.19",
            "type": "DOUBLES",
            "gridParam": true
        },
        {
            "name": "min_impurity_split",
            "label": "Min Impurity Split",
            "description": "Threshold for early stopping in tree growth. A node will split if its impurity is above the threshold, otherwise it is a leaf.  .. deprecated:: 0.19    ``min_impurity_split`` has been deprecated in favor of    ``min_impurity_decrease`` in 0.19. The default value of    ``min_impurity_split`` has changed from 1e-7 to 0 in 0.23 and it    will be removed in 1.0 (renaming of 0.25).    Use ``min_impurity_decrease`` instead.",
            "type": "DOUBLES",
            "gridParam": true
        },
        {
            "name": "random_state",
            "label": "Random State",
            "description": "Controls the random seed given to each Tree estimator at each boosting iteration. In addition, it controls the random permutation of the features at each split (see Notes for more details). It also controls the random spliting of the training data to obtain a validation set if `n_iter_no_change` is not None. Pass an int for reproducible output across multiple function calls. See :term:`Glossary <random_state>`.",
            "type": "INT"
        },
        {
            "name": "alpha",
            "label": "Alpha",
            "description": "The alpha-quantile of the huber loss function and the quantile loss function. Only if ``loss='huber'`` or ``loss='quantile'``.",
            "defaultValue": [
                0.9
            ],
            "type": "DOUBLES",
            "gridParam": true
        },
        {
            "name": "verbose",
            "label": "Verbose",
            "description": "Enable verbose output. If 1 then it prints progress and performance once in a while (the more trees the lower the frequency). If greater than 1 then it prints progress and performance for every tree.",
            "type": "DOUBLES",
            "gridParam": true
        },
        {
            "name": "max_leaf_nodes",
            "label": "Max Leaf Nodes",
            "description": "Grow trees with ``max_leaf_nodes`` in best-first fashion. Best nodes are defined as relative reduction in impurity. If None then unlimited number of leaf nodes.",
            "type": "DOUBLES",
            "gridParam": true
        },
        {
            "name": "validation_fraction",
            "label": "Validation Fraction",
            "description": "The proportion of training data to set aside as validation set for early stopping. Must be between 0 and 1. Only used if ``n_iter_no_change`` is set to an integer.  .. versionadded:: 0.20",
            "defaultValue": [
                0.1
            ],
            "type": "DOUBLES",
            "gridParam": true
        },
        {
            "name": "n_iter_no_change",
            "label": "N Iter No Change",
            "description": "``n_iter_no_change`` is used to decide if early stopping will be used to terminate training when validation score is not improving. By default it is set to None to disable early stopping. If set to a number, it will set aside ``validation_fraction`` size of the training data as validation and terminate training when validation score is not improving in all of the previous ``n_iter_no_change`` numbers of iterations.  .. versionadded:: 0.20",
            "type": "DOUBLES",
            "gridParam": true
        }
    ]
}