{
  "state": "ABORTED",
  "preSearchDescription": {
    "gridLength": 2,
    "searchStrategy": "GRID",
    "importantParams": [
      {
        "name": "base_estimator",
        "vals": []
      },
      {
        "name": "n_estimators",
        "vals": [
          "50",
          "100"
        ]
      },
      {
        "name": "learning_rate",
        "vals": [
          "1"
        ]
      },
      {
        "name": "algorithm",
        "vals": [
          "\"SAMME.R\""
        ]
      }
    ]
  },
  "resumed": false,
  "timeOrderingEnabled": false,
  "sampleWeightsEnabled": false,
  "modelId": "m1",
  "startTime": 0,
  "endTime": 0,
  "preprocessingTime": 0,
  "trainingTime": 0,
  "hyperparamsSearchTime": 0
}