{
  "description": "",
  "name": "AdaBoostClassifier",
  "starred": false,
  "clusterMetas": {},
  "customMeta": {
    "kv": {}
  },
  "tags": [],
  "activeClassifierThreshold": 0.0,
  "labels": [
    {
      "key": "trainDataset:dataset-name",
      "value": "covertype"
    },
    {
      "key": "testDataset:dataset-name",
      "value": "covertype"
    },
    {
      "key": "model:date",
      "value": "2021-05-07 10:00:03"
    },
    {
      "key": "model:algorithm",
      "value": "CUSTOM_PLUGIN"
    }
  ]
}