{
    "meta": {
        "label": "CDRegressor",
        "description": "Estimator for learning linear regressors by (block) coordinate descent.",
        "icon": "icon-puzzle-piece"
    },
    "predictionTypes": [
        "REGRESSION"
    ],
    "gridSearchMode": "MANAGED",
    "supportsSampleWeights": true,
    "acceptsSparseMatrix": false,
    "params": [
        {
            "name": "C",
            "label": "C",
            "description": "",
            "defaultValue": [
                1.0
            ],
            "gridParam": true,
            "type": "DOUBLES"
        },
        {
            "name": "alpha",
            "label": "Alpha",
            "description": "",
            "defaultValue": [
                1.0
            ],
            "gridParam": true,
            "type": "DOUBLES"
        },
        {
            "name": "loss",
            "label": "Loss",
            "description": "The loss function to be used.",
            "defaultValue": [
                "squared"
            ],
            "type": "MULTISELECT",
            "gridParam": true,
            "selectChoices": [
                {
                    "value": "squared",
                    "label": "squared"
                }
            ]
        },
        {
            "name": "penalty",
            "label": "Penalty",
            "description": "The penalty to be used.  - l2: ridge - l1: lasso - l1/l2: group lasso - nnl1: non-negative constraints + l1 penalty - nnl2: non-negative constraints + l2 penalty",
            "defaultValue": [
                "l2"
            ],
            "type": "MULTISELECT",
            "gridParam": true,
            "selectChoices": [
                {
                    "value": "l2",
                    "label": "l2"
                },
                {
                    "value": "l1",
                    "label": "l1"
                },
                {
                    "value": "l1/l2",
                    "label": "l1/l2"
                },
                {
                    "value": "nnl1",
                    "label": "nnl1"
                },
                {
                    "value": "nnl2",
                    "label": "nnl2"
                }
            ]
        },
        {
            "name": "max_iter",
            "label": "Max Iter",
            "description": "",
            "defaultValue": [
                50
            ],
            "gridParam": true,
            "type": "DOUBLES"
        },
        {
            "name": "tol",
            "label": "Tol",
            "description": "",
            "defaultValue": [
                0.001
            ],
            "gridParam": true,
            "type": "DOUBLES"
        },
        {
            "name": "termination",
            "label": "Termination",
            "description": "",
            "defaultValue": [
                "violation_sum"
            ],
            "type": "MULTISELECT",
            "gridParam": true,
            "selectChoices": [
                {
                    "value": "violation_max",
                    "label": "violation_max"
                },
                {
                    "value": "violation_sum",
                    "label": "violation_sum"
                }
            ]
        },
        {
            "name": "shrinking",
            "label": "Shrinking",
            "description": "",
            "defaultValue": [
                "True"
            ],
            "type": "MULTISELECT",
            "gridParam": true,
            "selectChoices": [
                {
                    "value": "True",
                    "label": "True"
                },
                {
                    "value": "False",
                    "label": "False"
                }
            ]
        },
        {
            "name": "max_steps",
            "label": "Max Steps",
            "description": "",
            "defaultValue": [
                30
            ],
            "gridParam": true,
            "type": "DOUBLES"
        },
        {
            "name": "sigma",
            "label": "Sigma",
            "description": "",
            "defaultValue": [
                0.01
            ],
            "gridParam": true,
            "type": "DOUBLES"
        },
        {
            "name": "beta",
            "label": "Beta",
            "description": "",
            "defaultValue": [
                0.5
            ],
            "gridParam": true,
            "type": "DOUBLES"
        },
        {
            "name": "debiasing",
            "label": "Debiasing",
            "description": "",
            "defaultValue": ["True"],
            "type": "MULTISELECT",
            "gridParam": true,
            "selectChoices": [
                {
                    "value": "True",
                    "label": "True"
                },
                {
                    "value": "False",
                    "label": "False"
                }
            ]
        },
        {
            "name": "Cd",
            "label": "Cd",
            "description": "",
            "defaultValue": [
                1.0
            ],
            "gridParam": true,
            "type": "DOUBLES"
        },
        {
            "name": "warm_debiasing",
            "label": "Warm Debiasing",
            "description": "",
            "defaultValue": ["False"],
            "type": "MULTISELECT",
            "gridParam": true,
            "selectChoices": [
                {
                    "value": "True",
                    "label": "True"
                },
                {
                    "value": "False",
                    "label": "False"
                }
            ]
        },
        {
            "name": "selection",
            "label": "Selection",
            "description": "",
            "defaultValue": [
                "cyclic"
            ],
            "type": "MULTISELECT",
            "gridParam": true,
            "selectChoices": [
                {
                    "value": "cyclic",
                    "label": "cyclic"
                },
                {
                    "value": "uniform",
                    "label": "uniform"
                }
            ]
        },
        {
            "name": "permute",
            "label": "Permute",
            "description": "",
            "defaultValue": [
                "True"
            ],
            "type": "MULTISELECT",
            "gridParam": true,
            "selectChoices": [
                {
                    "value": "True",
                    "label": "True"
                },
                {
                    "value": "False",
                    "label": "False"
                }
            ]
        },
        {
            "name": "random_state",
            "label": "Random State",
            "description": "",
            "defaultValue": null,
            "gridParam": false,
            "type": "INT"
        }
    ]
}