{
    "id": "GradientBoostingRegressor",
    "version": "0.0.1",
    "meta": {
        "label": "GradientBoostingRegressor",
        "description": "GB builds an additive model in a forward stage-wise fashion; it allows for the optimization of arbitrary differentiable loss functions. In each stage a regression tree is fit on the negative gradient of the given loss function.  Read more in the :ref:`User Guide <gradient_boosting>`.",
        "author": "admin",
        "icon": "icon-puzzle-piece",
        "tags": [],
        "url": "",
        "licenseInfo": "Apache Software License"
    }
}