{
    "meta": {
        "label": "CDClassifier",
        "description": "Estimator for learning linear classifiers by (block) coordinate descent.",
        "icon": "icon-puzzle-piece"
    },
    "predictionTypes": [
        "BINARY_CLASSIFICATION",
        "MULTICLASS"
    ],
    "gridSearchMode": "MANAGED",
    "supportsSampleWeights": true,
    "acceptsSparseMatrix": false,
    "params": [
        {
            "name": "loss",
            "label": "Loss",
            "description": "The loss function to be used.",
            "defaultValue": [
                "squared_hinge"
            ],
            "type": "MULTISELECT",
            "gridParam": true,
            "selectChoices": [
                {
                    "value": "modified_huber",
                    "label": "modified_huber"
                },
                {
                    "value": "squared_hinge",
                    "label": "squared_hinge"
                },
                {
                    "value": "squared",
                    "label": "squared"
                },
                {
                    "value": "smooth_hinge",
                    "label": "smooth_hinge"
                },
                {
                    "value": "hinge",
                    "label": "hinge"
                },
                {
                    "value": "log",
                    "label": "log"
                }
            ]
        },
        {
            "name": "penalty",
            "label": "Penalty",
            "description": "The penalty to be used.  - l2: ridge - l1: lasso - l1/l2: group lasso",
            "defaultValue": [
                "l2"
            ],
            "type": "MULTISELECT",
            "gridParam": true,
            "selectChoices": [
                {
                    "value": "l2",
                    "label": "l2"
                },
                {
                    "value": "l1",
                    "label": "l1"
                },
                {
                    "value": "l1/l2",
                    "label": "l1/l2"
                }
            ]
        },
        {
            "name": "multiclass",
            "label": "Multiclass",
            "description": "Whether to use a direct multiclass formulation (True) or one-vs-rest (False). Direct formulations are only available for loss='squared_hinge' and loss='log'.",
            "defaultValue": ["True"],
            "gridParam": true,
            "type": "MULTISELECT",
            "selectChoices": [
                {
                    "value": "True",
                    "label": "True"
                },
                {
                    "value": "False",
                    "label": "False"
                }
            ]
        },
        {
            "name": "C",
            "label": "C",
            "description": "Weight of the loss term.",
            "defaultValue": [
                1.0
            ],
            "gridParam": true,
            "type": "DOUBLES"
        },
        {
            "name": "alpha",
            "label": "Alpha",
            "description": "Weight of the penalty term.",
            "defaultValue": [
                1.0
            ],
            "gridParam": true,
            "type": "DOUBLES"
        },
        {
            "name": "max_iter",
            "label": "Max Iter",
            "description": "Maximum number of iterations to perform.",
            "defaultValue": [
                50
            ],
            "gridParam": false,
            "type": "DOUBLES"
        },
        {
            "name": "tol",
            "label": "Tol",
            "description": "Tolerance of the stopping criterion.",
            "defaultValue": [
                0.001
            ],
            "gridParam": true,
            "type": "DOUBLES"
        },
        {
            "name": "termination",
            "label": "Termination",
            "description": "Stopping criterion to use.",
            "defaultValue": [
                "violation_sum"
            ],
            "type": "MULTISELECT",
            "gridParam": true,
            "selectChoices": [
                {
                    "value": "violation_max",
                    "label": "violation_max"
                },
                {
                    "value": "violation_sum",
                    "label": "violation_sum"
                }
            ]
        },
        {
            "name": "shrinking",
            "label": "Shrinking",
            "description": "Whether to activate shrinking or not.",
            "defaultValue": [
                "True"
            ],
            "type": "MULTISELECT",
            "gridParam": true,
            "selectChoices": [
                {
                    "value": "True",
                    "label": "True"
                },
                {
                    "value": "False",
                    "label": "False"
                }
            ]
        },
        {
            "name": "sigma",
            "label": "Sigma",
            "description": "Constant used in the line search sufficient decrease condition.",
            "defaultValue": [
                0.01
            ],
            "gridParam": true,
            "type": "DOUBLES"
        },
        {
            "name": "beta",
            "label": "Beta",
            "description": "Multiplicative constant used in the backtracking line search.",
            "defaultValue": [
                0.5
            ],
            "gridParam": true,
            "type": "DOUBLES"
        },
        {
            "name": "debiasing",
            "label": "Debiasing",
            "description": "Whether to refit the model using l2 penalty (only useful if penalty='l1' or penalty='l1/l2').",
            "defaultValue": ["False"],
            "type": "MULTISELECT",
            "gridParam": true,
            "selectChoices": [
                {
                    "value": "True",
                    "label": "True"
                },
                {
                    "value": "False",
                    "label": "False"
                }
            ]
        },
        {
            "name": "Cd",
            "label": "Cd",
            "description": "Value of `C` when doing debiasing.",
            "defaultValue": [
                1.0
            ],
            "gridParam": true,
            "type": "DOUBLES"
        },
        {
            "name": "warm_debiasing",
            "label": "Warm Debiasing",
            "description": "Whether to warm-start the model or not when doing debiasing.",
            "defaultValue": ["False"],
            "type": "MULTISELECT",
            "gridParam": true,
            "selectChoices": [
                {
                    "value": "True",
                    "label": "True"
                },
                {
                    "value": "False",
                    "label": "False"
                }
            ]
        },
        {
            "name": "selection",
            "label": "Selection",
            "description": "Strategy to use for selecting coordinates.",
            "defaultValue": [
                "cyclic"
            ],
            "type": "MULTISELECT",
            "gridParam": true,
            "selectChoices": [
                {
                    "value": "cyclic",
                    "label": "cyclic"
                },
                {
                    "value": "uniform",
                    "label": "uniform"
                }
            ]
        },
        {
            "name": "permute",
            "label": "Permute",
            "description": "Whether to permute coordinates or not before cycling (only when selection='cyclic').",
            "defaultValue": [
                "True"
            ],
            "type": "MULTISELECT",
            "gridParam": true,
            "selectChoices": [
                {
                    "value": "True",
                    "label": "True"
                },
                {
                    "value": "False",
                    "label": "False"
                }
            ]
        },
        {
            "name": "random_state",
            "label": "Random State",
            "description": "The seed of the pseudo random number generator to use.",
            "defaultValue": null,
            "gridParam": false,
            "type": "INT"
        }
    ]
}