{
    "meta": {
        "label": "FastRGFClassifier",
        "description": "A Fast Regularized Greedy Forest [1] classifier.",
        "icon": "icon-puzzle-piece"
    },
    "predictionTypes": [
        "BINARY_CLASSIFICATION",
        "MULTICLASS"
    ],
    "gridSearchMode": "MANAGED",
    "supportsSampleWeights": true,
    "acceptsSparseMatrix": false,
    "params": [
        {
            "name": "n_estimators",
            "label": "N Estimators",
            "description": "The number of trees in the forest. (Original name: forest.ntrees.)",
            "defaultValue": [
                500
            ],
            "gridParam": true,
            "type": "DOUBLES"
        },
        {
            "name": "max_depth",
            "label": "Max Depth",
            "description": "Maximum tree depth. (Original name: dtree.max_level.)",
            "defaultValue": [
                6
            ],
            "gridParam": true,
            "type": "DOUBLES"
        },
        {
            "name": "max_leaf",
            "label": "Max Leaf",
            "description": "Maximum number of leaf nodes in best-first search. (Original name: dtree.max_nodes.)",
            "defaultValue": [
                50
            ],
            "gridParam": true,
            "type": "DOUBLES"
        },
        {
            "name": "tree_gain_ratio",
            "label": "Tree Gain Ratio",
            "description": "New tree is created when leaf-nodes gain < this value * estimated gain of creating new tree. (Original name: dtree.new_tree_gain_ratio.)",
            "defaultValue": [
                1.0
            ],
            "gridParam": true,
            "type": "DOUBLES"
        },
        {
            "name": "min_samples_leaf",
            "label": "Min Samples Leaf",
            "description": "Minimum number of training data points in each leaf node. If int, then consider min_samples_leaf as the minimum number. If float, then min_samples_leaf is a percentage and ceil(min_samples_leaf * n_samples) are the minimum number of samples for each node. (Original name: dtree.min_sample.)",
            "defaultValue": [
                5
            ],
            "gridParam": true,
            "type": "DOUBLES"
        },
        {
            "name": "loss",
            "label": "Loss",
            "description": "Loss function. LS: Least squares loss. MODLS: Modified least squares loss. LOGISTIC: Logistic loss. (Original name: dtree.loss.)",
            "defaultValue": [
                "LS"
            ],
            "gridParam": true,
            "type": "MULTISELECT",
            "selectChoices": [
                {
                    "value": "Expo",
                    "label": "Expo"
                },
                {
                    "value": "LS",
                    "label": "LS"
                },
                {
                    "value": "Log",
                    "label": "Log"
                }
            ]
        },
        {
            "name": "l1",
            "label": "L1",
            "description": "Used to control the degree of L1 regularization. (Original name: dtree.lamL1.)",
            "defaultValue": [
                1.0
            ],
            "gridParam": true,
            "type": "DOUBLES"
        },
        {
            "name": "l2",
            "label": "L2",
            "description": "Used to control the degree of L2 regularization. (Original name: dtree.lamL2.)",
            "defaultValue": [
                1000.0
            ],
            "gridParam": true,
            "type": "DOUBLES"
        },
        {
            "name": "opt_algorithm",
            "label": "Opt Algorithm",
            "description": "Optimization method for training forest. (Original name: forest.opt.)",
            "defaultValue": [
                "rgf"
            ],
            "gridParam": true,
            "type": "MULTISELECT",
            "selectChoices": [
                {
                    "value": "rgf",
                    "label": "rgf"
                },
                {
                    "value": "epsilon-greedy",
                    "label": "epsilon-greedy"
                }
            ]
        },
        {
            "name": "learning_rate",
            "label": "Learning Rate",
            "description": "Step size of epsilon-greedy boosting. Meant for being used with opt_algorithm=\"epsilon-greedy\". (Original name: forest.stepsize.)",
            "defaultValue": [
                0.001
            ],
            "gridParam": true,
            "type": "DOUBLES"
        },
        {
            "name": "max_bin",
            "label": "Max Bin",
            "description": "Maximum number of discretized values (bins). If None, 65000 is used for dense data and 200 for sparse data. (Original name: discretize.(sparse/dense).max_buckets.)",
            "defaultValue": [
                65000
            ],
            "gridParam": true,
            "type": "DOUBLES"
        },
        {
            "name": "min_child_weight",
            "label": "Min Child Weight",
            "description": "Minimum number of effective samples for each discretized value (bin). (Original name: discretize.(sparse/dense).min_bucket_weights.)",
            "defaultValue": [
                5.0
            ],
            "gridParam": true,
            "type": "DOUBLES"
        },
        {
            "name": "data_l2",
            "label": "Data L2",
            "description": "Used to control the degree of L2 regularization for discretization. (Original name: discretize.(sparse/dense).lamL2.)",
            "defaultValue": [
                2.0
            ],
            "gridParam": true,
            "type": "DOUBLES"
        },
        {
            "name": "sparse_max_features",
            "label": "Sparse Max Features",
            "description": "Maximum number of selected features. Meant for being used with sparse data. (Original name: discretize.sparse.max_features.)",
            "defaultValue": [
                80000
            ],
            "gridParam": true,
            "type": "DOUBLES"
        },
        {
            "name": "sparse_min_occurences",
            "label": "Sparse Min Occurences",
            "description": "Minimum number of occurrences for a feature to be selected. Meant for being used with sparse data. (Original name: discretize.sparse.min_occurrences.)",
            "defaultValue": [
                5
            ],
            "gridParam": true,
            "type": "DOUBLES"
        },
        {
            "name": "calc_prob",
            "label": "Calc Prob",
            "description": "Method of probability calculation.",
            "defaultValue": [
                "sigmoid"
            ],
            "gridParam": true,
            "type": "MULTISELECT",
            "selectChoices": [
                {
                    "value": "sigmoid",
                    "label": "sigmoid"
                },
                {
                    "value": "softmax",
                    "label": "softmax"
                }
            ]
        }
    ]
}