{
    "meta": {
        "label": "KernelSVC",
        "description": "Estimator for learning kernel SVMs by Newton's method.",
        "icon": "icon-puzzle-piece"
    },
    "predictionTypes": [
        "BINARY_CLASSIFICATION",
        "MULTICLASS"
    ],
    "gridSearchMode": "MANAGED",
    "supportsSampleWeights": true,
    "acceptsSparseMatrix": false,
    "params": [
        {
            "name": "alpha",
            "label": "Alpha",
            "description": "Weight of the penalty term.",
            "defaultValue": [
                1.0
            ],
            "gridParam": true,
            "type": "DOUBLES"
        },
        {
            "name": "solver",
            "label": "Solver",
            "description": "",
            "defaultValue": [
                "cg"
            ],
            "type": "MULTISELECT",
            "gridParam": true,
            "selectChoices": [
                {
                    "value": "cg",
                    "label": "cg"
                },
                {
                    "value": "dense",
                    "label": "dense"
                }
            ]
        },
        {
            "name": "max_iter",
            "label": "Max Iter",
            "description": "Maximum number of iterations to perform.",
            "defaultValue": [
                50
            ],
            "gridParam": true,
            "type": "DOUBLES"
        },
        {
            "name": "tol",
            "label": "Tol",
            "description": "Tolerance of the stopping criterion.",
            "defaultValue": [
                0.001
            ],
            "gridParam": true,
            "type": "DOUBLES"
        },
        {
            "name": "kernel",
            "label": "Kernel",
            "description": "Kernel to use.  Default: \"linear\"",
            "defaultValue": [
                "linear"
            ],
            "type": "MULTISELECT",
            "gridParam": true,
            "selectChoices": [
                {
                    "value": "poly",
                    "label": "poly"
                },
                {
                    "value": "rbf",
                    "label": "rbf"
                },
                {
                    "value": "linear",
                    "label": "linear"
                },
                {
                    "value": "sigmoid",
                    "label": "sigmoid"
                },
                {
                    "value": "cosine",
                    "label": "cosine"
                }
            ]
        },
        {
            "name": "gamma",
            "label": "Gamma",
            "description": "Kernel coefficient for rbf and poly kernels. Default: 1/n_features. Ignored by other kernels.",
            "defaultValue": [
                0.1
            ],
            "gridParam": true,
            "type": "DOUBLES"
        },
        {
            "name": "coef0",
            "label": "Coef0",
            "description": "Independent term in poly and sigmoid kernels. Ignored by other kernels.",
            "defaultValue": [
                1
            ],
            "gridParam": true,
            "type": "DOUBLES"
        },
        {
            "name": "degree",
            "label": "Degree",
            "description": "Degree for poly, rbf and sigmoid kernels. Ignored by other kernels.",
            "defaultValue": [
                4
            ],
            "gridParam": true,
            "type": "DOUBLES"
        },
        {
            "name": "random_state",
            "label": "Random State",
            "description": "The seed of the pseudo random number generator to use.",
            "defaultValue": null,
            "gridParam": false,
            "type": "INT"
        }
    ]
}