{
    "meta": {
        "label": "AdaGradClassifier",
        "description": "Estimator for learning linear classifiers by AdaGrad.",
        "icon": "icon-puzzle-piece"
    },
    "predictionTypes": [
        "BINARY_CLASSIFICATION",
        "MULTICLASS"
    ],
    "gridSearchMode": "MANAGED",
    "supportsSampleWeights": true,
    "acceptsSparseMatrix": false,
    "params": [
        {
            "name": "eta",
            "label": "Eta",
            "description": "",
            "defaultValue": [
                1.0
            ],
            "gridParam": true,
            "type": "DOUBLES"
        },
        {
            "name": "alpha",
            "label": "Alpha",
            "description": "",
            "defaultValue": [
                1.0
            ],
            "gridParam": true,
            "type": "DOUBLES"
        },
        {
            "name": "l1_ratio",
            "label": "L1 Ratio",
            "description": "",
            "defaultValue": [0.0],
            "gridParam": true,
            "type": "DOUBLES"
        },
        {
            "name": "loss",
            "label": "Loss",
            "description": "",
            "defaultValue": [
                "hinge"
            ],
            "type": "MULTISELECT",
            "gridParam": true,
            "selectChoices": [
                {
                    "value": "modified_huber",
                    "label": "modified_huber"
                },
                {
                    "value": "squared_hinge",
                    "label": "squared_hinge"
                },
                {
                    "value": "squared",
                    "label": "squared"
                },
                {
                    "value": "perceptron",
                    "label": "perceptron"
                },
                {
                    "value": "smooth_hinge",
                    "label": "smooth_hinge"
                },
                {
                    "value": "hinge",
                    "label": "hinge"
                },
                {
                    "value": "log",
                    "label": "log"
                }
            ]
        },
        {
            "name": "gamma",
            "label": "Gamma",
            "description": "",
            "defaultValue": [
                1.0
            ],
            "gridParam": true,
            "type": "DOUBLES"
        },
        {
            "name": "n_iter",
            "label": "N Iter",
            "description": "",
            "defaultValue": [
                10
            ],
            "gridParam": true,
            "type": "DOUBLES"
        },
        {
            "name": "shuffle",
            "label": "Shuffle",
            "description": "",
            "defaultValue": [
                "True"
            ],
            "type": "MULTISELECT",
            "gridParam": true,
            "selectChoices": [
                {
                    "value": "True",
                    "label": "True"
                },
                {
                    "value": "False",
                    "label": "False"
                }
            ]
        },
        {
            "name": "random_state",
            "label": "Random State",
            "description": "",
            "defaultValue": null,
            "gridParam": false,
            "type": "INT"
        }
    ]
}