{
    "meta": {
        "label": "SDCARegressor",
        "description": "Estimator for learning linear regressors by (proximal) SDCA.",
        "icon": "icon-puzzle-piece"
    },
    "predictionTypes": [
        "REGRESSION"
    ],
    "gridSearchMode": "MANAGED",
    "supportsSampleWeights": true,
    "acceptsSparseMatrix": false,
    "params": [
        {
            "name": "alpha",
            "label": "Alpha",
            "description": "Amount of regularization (see model formulation above).",
            "defaultValue": [
                1.0
            ],
            "gridParam": true,
            "type": "DOUBLES"
        },
        {
            "name": "l1_ratio",
            "label": "L1 Ratio",
            "description": "Ratio between the L1 and L2 regularization (see model formulation above).",
            "defaultValue": [0.0],
            "gridParam": true,
            "type": "DOUBLES"
        },
        {
            "name": "loss",
            "label": "Loss",
            "description": "Loss function to use in the model.",
            "defaultValue": [
                "squared"
            ],
            "type": "MULTISELECT",
            "gridParam": true,
            "selectChoices": [
                {
                    "value": "squared",
                    "label": "squared"
                },
                {
                    "value": "absolute",
                    "label": "absolute"
                }
            ]
        },
        {
            "name": "max_iter",
            "label": "Max Iter",
            "description": "maximum number of outer iterations (also known as epochs).",
            "defaultValue": [
                100
            ],
            "gridParam": true,
            "type": "DOUBLES"
        },
        {
            "name": "tol",
            "label": "Tol",
            "description": "stopping criterion tolerance.",
            "defaultValue": [
                0.001
            ],
            "gridParam": true,
            "type": "DOUBLES"
        },
        {
            "name": "random_state",
            "label": "Random State",
            "description": "Pseudo-random number generator state used for random sampling.",
            "defaultValue": null,
            "gridParam": false,
            "type": "INT"
        }
    ]
}