{
    "meta": {
        "label": "AdaGradRegressor",
        "description": "Estimator for learning linear regressors by AdaGrad.",
        "icon": "icon-puzzle-piece"
    },
    "predictionTypes": [
        "REGRESSION"
    ],
    "gridSearchMode": "MANAGED",
    "supportsSampleWeights": true,
    "acceptsSparseMatrix": false,
    "params": [
        {
            "name": "eta",
            "label": "Eta",
            "description": "",
            "defaultValue": [
                1.0
            ],
            "gridParam": true,
            "type": "DOUBLES"
        },
        {
            "name": "alpha",
            "label": "Alpha",
            "description": "",
            "defaultValue": [
                1.0
            ],
            "gridParam": true,
            "type": "DOUBLES"
        },
        {
            "name": "l1_ratio",
            "label": "L1 Ratio",
            "description": "",
            "defaultValue": [0.0],
            "gridParam": true,
            "type": "DOUBLES"
        },
        {
            "name": "loss",
            "label": "Loss",
            "description": "",
            "defaultValue": [
                "squared"
            ],
            "type": "MULTISELECT",
            "gridParam": true,
            "selectChoices": [
                {
                    "value": "huber",
                    "label": "huber"
                },
                {
                    "value": "squared",
                    "label": "squared"
                },
                {
                    "value": "epsilon_insensitive",
                    "label": "epsilon_insensitive"
                },
                {
                    "value": "absolute",
                    "label": "absolute"
                }
            ]
        },
        {
            "name": "gamma",
            "label": "Gamma",
            "description": "",
            "defaultValue": [
                1.0
            ],
            "gridParam": true,
            "type": "DOUBLES"
        },
        {
            "name": "epsilon",
            "label": "Epsilon",
            "description": "",
            "defaultValue": [0.0],
            "gridParam": true,
            "type": "DOUBLES"
        },
        {
            "name": "n_iter",
            "label": "N Iter",
            "description": "",
            "defaultValue": [
                10
            ],
            "gridParam": true,
            "type": "DOUBLES"
        },
        {
            "name": "shuffle",
            "label": "Shuffle",
            "description": "",
            "defaultValue": [
                "True"
            ],
            "type": "MULTISELECT",
            "gridParam": true,
            "selectChoices": [
                {
                    "value": "True",
                    "label": "True"
                },
                {
                    "value": "False",
                    "label": "False"
                }
            ]
        },
        {
            "name": "random_state",
            "label": "Random State",
            "description": "",
            "defaultValue": null,
            "gridParam": false,
            "type": "INT"
        }
    ]
}