{
    "meta": {
        "label": "RandomForestQuantileRegressor",
        "description": "A random forest regressor that provides quantile estimates.",
        "icon": "icon-puzzle-piece"
    },
    "predictionTypes": [
        "REGRESSION"
    ],
    "gridSearchMode": "MANAGED",
    "supportsSampleWeights": true,
    "acceptsSparseMatrix": false,
    "params": [
        {
            "name": "n_estimators",
            "label": "N Estimators",
            "description": "The number of trees in the forest.",
            "defaultValue": [
                10
            ],
            "type": "DOUBLES",
            "gridParam": true
        },
        {
            "name": "criterion",
            "label": "Criterion",
            "description": "The function to measure the quality of a split. Supported criteria are \"mse\" for the mean squared error, which is equal to variance reduction as feature selection criterion, and \"mae\" for the mean absolute error. .. versionadded:: 0.18    Mean Absolute Error (MAE) criterion.",
            "defaultValue": [
                "mse"
            ],
            "type": "STRINGS",
            "gridParam": true
        },
        {
            "name": "max_depth",
            "label": "Max Depth",
            "description": "The maximum depth of the tree. If None, then nodes are expanded until all leaves are pure or until all leaves contain less than min_samples_split samples.",
            "type": "DOUBLES",
            "gridParam": true
        },
        {
            "name": "min_samples_split",
            "label": "Min Samples Split",
            "description": "The minimum number of samples required to split an internal node: - If int, then consider `min_samples_split` as the minimum number. - If float, then `min_samples_split` is a percentage and   `ceil(min_samples_split * n_samples)` are the minimum   number of samples for each split. .. versionchanged:: 0.18    Added float values for percentages.",
            "defaultValue": [
                2
            ],
            "type": "DOUBLES",
            "gridParam": true
        },
        {
            "name": "min_samples_leaf",
            "label": "Min Samples Leaf",
            "description": "The minimum number of samples required to be at a leaf node: - If int, then consider `min_samples_leaf` as the minimum number. - If float, then `min_samples_leaf` is a percentage and   `ceil(min_samples_leaf * n_samples)` are the minimum   number of samples for each node. .. versionchanged:: 0.18    Added float values for percentages.",
            "defaultValue": [
                1
            ],
            "type": "DOUBLES",
            "gridParam": true
        },
        {
            "name": "min_weight_fraction_leaf",
            "label": "Min Weight Fraction Leaf",
            "description": "The minimum weighted fraction of the sum total of weights (of all the input samples) required to be at a leaf node. Samples have equal weight when sample_weight is not provided.",
            "type": "DOUBLES",
            "gridParam": true
        },
        {
            "name": "max_features",
            "label": "Max Features",
            "description": "The number of features to consider when looking for the best split: - If int, then consider `max_features` features at each split. - If float, then `max_features` is a percentage and   `int(max_features * n_features)` features are considered at each   split. - If \"auto\", then `max_features=n_features`. - If \"sqrt\", then `max_features=sqrt(n_features)`. - If \"log2\", then `max_features=log2(n_features)`. - If None, then `max_features=n_features`. Note: the search for a split does not stop until at least one valid partition of the node samples is found, even if it requires to effectively inspect more than ``max_features`` features.",
            "defaultValue": [
                "auto"
            ],
            "type": "STRINGS",
            "gridParam": true
        },
        {
            "name": "max_leaf_nodes",
            "label": "Max Leaf Nodes",
            "description": "Grow trees with ``max_leaf_nodes`` in best-first fashion. Best nodes are defined as relative reduction in impurity. If None then unlimited number of leaf nodes.",
            "type": "DOUBLES",
            "gridParam": true
        },
        {
            "name": "bootstrap",
            "label": "Bootstrap",
            "description": "Whether bootstrap samples are used when building trees.",
            "defaultValue": [
                "True"
            ],
            "type": "STRINGS",
            "gridParam": true
        }
    ]
}