{
    "meta": {
        "label": "SAGAClassifier",
        "description": "Estimator for learning linear classifiers by SAGA.",
        "icon": "icon-puzzle-piece"
    },
    "predictionTypes": [
        "BINARY_CLASSIFICATION",
        "MULTICLASS"
    ],
    "gridSearchMode": "MANAGED",
    "supportsSampleWeights": true,
    "acceptsSparseMatrix": false,
    "params": [
        {
            "name": "eta",
            "label": "Eta",
            "description": "step size for the gradient updates. If set to 'auto', this will calculate a step size based on the input data. If set to 'line-search', it will perform a line-search to find the step size based for the current iteration.",
            "defaultValue": [
                "auto"
            ],
            "type": "MULTISELECT",
            "gridParam": true,
            "selectChoices": [
                {
                    "value": "auto",
                    "label": "auto"
                },
                {
                    "value": "line-search",
                    "label": "line-search"
                }
            ]
        },
        {
            "name": "alpha",
            "label": "Alpha",
            "description": "amount of squared L2 regularization",
            "defaultValue": [
                1.0
            ],
            "gridParam": true,
            "type": "DOUBLES"
        },
        {
            "name": "beta",
            "label": "Beta",
            "description": "amount of regularization for the penalty term",
            "defaultValue": [0.0],
            "gridParam": true,
            "type": "DOUBLES"
        },
        {
            "name": "loss",
            "label": "Loss",
            "description": "loss to use in the objective function. Can be one of \"smooth_hinge\", \"squared_hinge\" or \"log\" (for logistic loss).",
            "defaultValue": [
                "smooth_hinge"
            ],
            "type": "MULTISELECT",
            "gridParam": true,
            "selectChoices": [
                {
                    "value": "squared_hinge",
                    "label": "squared_hinge"
                },
                {
                    "value": "smooth_hinge",
                    "label": "smooth_hinge"
                },
                {
                    "value": "log",
                    "label": "log"
                }
            ]
        },
        {
            "name": "gamma",
            "label": "Gamma",
            "description": "gamma parameter in the \"smooth_hinge\" loss (not used for other loss functions)",
            "defaultValue": [
                1.0
            ],
            "gridParam": true,
            "type": "DOUBLES"
        },
        {
            "name": "max_iter",
            "label": "Max Iter",
            "description": "maximum number of outer iterations (also known as epochs).",
            "defaultValue": [
                10
            ],
            "gridParam": true,
            "type": "DOUBLES"
        },
        {
            "name": "n_inner",
            "label": "N Inner",
            "description": "",
            "defaultValue": [
                1.0
            ],
            "gridParam": true,
            "type": "DOUBLES"
        },
        {
            "name": "tol",
            "label": "Tol",
            "description": "stopping criterion tolerance.",
            "defaultValue": [
                0.001
            ],
            "gridParam": true,
            "type": "DOUBLES"
        },
        {
            "name": "random_state",
            "label": "Random State",
            "description": "Pseudo-random number generator state used for random sampling.",
            "defaultValue": null,
            "gridParam": false,
            "type": "INT"
        }
    ]
}